FB-0001,STR-001,Charlie's Coffee - SoMa,own_store,94103,2,Yelp,2026-05-06,disappointed by an out-of-stock item or a wrong order,the Guatemala Geisha whole bean bags being sold out
FB-0002,STR-001,Charlie's Coffee - SoMa,own_store,94103,3,Yelp,2026-04-18,"mixed: praises the food, criticises parking or seating",the pastry case
FB-0003,STR-001,Charlie's Coffee - SoMa,own_store,94103,4,Yelp,2026-08-29,"neutral, focused on remote work, wifi and power outlets",the pastry case
FB-0004,STR-001,Charlie's Coffee - SoMa,own_store,94103,2,DoorDash,2026-04-21,disappointed by an out-of-stock item or a wrong order,the Guatemala Geisha whole bean bags being sold out
FB-0005,STR-001,Charlie's Coffee - SoMa,own_store,94103,4,DoorDash,2026-04-06,"neutral, focused on remote work, wifi and power outlets",the cold brew program
FB-0006,STR-001,Charlie's Coffee - SoMa,own_store,94103,5,Yelp,2026-09-01,enthusiastic and specific about the drinks,seating and noise level
FB-0007,STR-001,Charlie's Coffee - SoMa,own_store,94103,2,Yelp,2026-06-26,disappointed by an out-of-stock item or a wrong order,the Guatemala Geisha whole bean bags being sold out
FB-0008,STR-001,Charlie's Coffee - SoMa,own_store,94103,4,Yelp,2026-05-20,positive but frustrated by the wait time,parking and access
FB-0009,STR-001,Charlie's Coffee - SoMa,own_store,94103,5,Google Maps,2026-04-13,enthusiastic and specific about the drinks,the staff and service speed
FB-0010,STR-001,Charlie's Coffee - SoMa,own_store,94103,2,DoorDash,2026-04-27,disappointed by an out-of-stock item or a wrong order,the Guatemala Geisha whole bean bags being sold out
FB-0011,STR-001,Charlie's Coffee - SoMa,own_store,94103,4,DoorDash,2026-05-12,positive but frustrated by the wait time,seating and noise level
FB-0012,STR-001,Charlie's Coffee - SoMa,own_store,94103,5,DoorDash,2026-08-29,enthusiastic and specific about the drinks,the staff and service speed
FB-0013,STR-001,Charlie's Coffee - SoMa,own_store,94103,2,Yelp,2026-07-01,disappointed by an out-of-stock item or a wrong order,the Guatemala Geisha whole bean bags being sold out
FB-0014,STR-001,Charlie's Coffee - SoMa,own_store,94103,2,DoorDash,2026-07-19,disappointed by an out-of-stock item or a wrong order,the cold brew program
FB-0015,STR-001,Charlie's Coffee - SoMa,own_store,94103,4,DoorDash,2026-06-26,"neutral, focused on remote work, wifi and power outlets",the staff and service speed
FB-0016,STR-001,Charlie's Coffee - SoMa,own_store,94103,2,DoorDash,2026-07-20,disappointed by an out-of-stock item or a wrong order,the Guatemala Geisha whole bean bags being sold out
FB-0017,STR-001,Charlie's Coffee - SoMa,own_store,94103,4,Google Maps,2026-04-22,"neutral, focused on remote work, wifi and power outlets",parking and access
FB-0018,STR-001,Charlie's Coffee - SoMa,own_store,94103,5,Google Maps,2026-03-19,enthusiastic and specific about the drinks,seating and noise level
FB-0019,STR-001,Charlie's Coffee - SoMa,own_store,94103,2,DoorDash,2026-08-18,disappointed by an out-of-stock item or a wrong order,the Guatemala Geisha whole bean bags being sold out
FB-0020,STR-001,Charlie's Coffee - SoMa,own_store,94103,3,Google Maps,2026-05-04,"mixed: praises the food, criticises parking or seating",the pastry case
FB-0021,STR-002,Charlie's Coffee - Mission District,own_store,94110,2,Yelp,2026-03-25,disappointed by an out-of-stock item or a wrong order,the Oat Milk Lavender Latte being unavailable because the oat milk ran out
FB-0022,STR-002,Charlie's Coffee - Mission District,own_store,94110,2,Yelp,2026-05-22,disappointed by an out-of-stock item or a wrong order,the pastry case
FB-0023,STR-002,Charlie's Coffee - Mission District,own_store,94110,2,DoorDash,2026-03-21,disappointed by an out-of-stock item or a wrong order,the pastry case
FB-0024,STR-002,Charlie's Coffee - Mission District,own_store,94110,2,DoorDash,2026-04-10,disappointed by an out-of-stock item or a wrong order,the Oat Milk Lavender Latte being unavailable because the oat milk ran out
FB-0025,STR-002,Charlie's Coffee - Mission District,own_store,94110,4,Google Maps,2026-05-18,"neutral, focused on remote work, wifi and power outlets",the cold brew program
FB-0026,STR-002,Charlie's Coffee - Mission District,own_store,94110,5,Google Maps,2026-03-21,enthusiastic and specific about the drinks,seating and noise level
FB-0027,STR-002,Charlie's Coffee - Mission District,own_store,94110,2,DoorDash,2026-05-01,disappointed by an out-of-stock item or a wrong order,the Oat Milk Lavender Latte being unavailable because the oat milk ran out
FB-0028,STR-002,Charlie's Coffee - Mission District,own_store,94110,2,DoorDash,2026-06-11,disappointed by an out-of-stock item or a wrong order,the cold brew program
FB-0029,STR-002,Charlie's Coffee - Mission District,own_store,94110,5,Yelp,2026-05-22,enthusiastic and specific about the drinks,the espresso quality
FB-0030,STR-002,Charlie's Coffee - Mission District,own_store,94110,2,Yelp,2026-08-19,disappointed by an out-of-stock item or a wrong order,the Oat Milk Lavender Latte being unavailable because the oat milk ran out
FB-0031,STR-002,Charlie's Coffee - Mission District,own_store,94110,4,DoorDash,2026-08-30,positive but frustrated by the wait time,seating and noise level
FB-0032,STR-002,Charlie's Coffee - Mission District,own_store,94110,4,Google Maps,2026-04-28,"neutral, focused on remote work, wifi and power outlets",the pastry case
FB-0033,STR-002,Charlie's Coffee - Mission District,own_store,94110,2,DoorDash,2026-06-09,disappointed by an out-of-stock item or a wrong order,the Oat Milk Lavender Latte being unavailable because the oat milk ran out
FB-0034,STR-002,Charlie's Coffee - Mission District,own_store,94110,4,DoorDash,2026-08-23,positive but frustrated by the wait time,the espresso quality
FB-0035,STR-002,Charlie's Coffee - Mission District,own_store,94110,5,DoorDash,2026-07-20,enthusiastic and specific about the drinks,the espresso quality
FB-0036,STR-002,Charlie's Coffee - Mission District,own_store,94110,2,Google Maps,2026-07-16,disappointed by an out-of-stock item or a wrong order,the Oat Milk Lavender Latte being unavailable because the oat milk ran out
FB-0037,STR-002,Charlie's Coffee - Mission District,own_store,94110,4,DoorDash,2026-06-24,"neutral, focused on remote work, wifi and power outlets",the espresso quality
FB-0038,STR-002,Charlie's Coffee - Mission District,own_store,94110,4,DoorDash,2026-07-10,positive but frustrated by the wait time,the pastry case
FB-0039,STR-002,Charlie's Coffee - Mission District,own_store,94110,2,Yelp,2026-07-04,disappointed by an out-of-stock item or a wrong order,the Oat Milk Lavender Latte being unavailable because the oat milk ran out
FB-0040,STR-002,Charlie's Coffee - Mission District,own_store,94110,3,Yelp,2026-07-01,"mixed: praises the food, criticises parking or seating",the cold brew program
FB-0041,STR-003,Charlie's Coffee - North Beach,own_store,94133,2,Yelp,2026-07-23,disappointed by an out-of-stock item or a wrong order,the Ceremonial Matcha Latte running out by early afternoon
FB-0042,STR-003,Charlie's Coffee - North Beach,own_store,94133,4,Google Maps,2026-03-23,"neutral, focused on remote work, wifi and power outlets",the espresso quality
FB-0043,STR-003,Charlie's Coffee - North Beach,own_store,94133,4,Google Maps,2026-05-07,positive but frustrated by the wait time,the staff and service speed
FB-0044,STR-003,Charlie's Coffee - North Beach,own_store,94133,2,Google Maps,2026-08-27,disappointed by an out-of-stock item or a wrong order,the Ceremonial Matcha Latte running out by early afternoon
FB-0045,STR-003,Charlie's Coffee - North Beach,own_store,94133,2,Google Maps,2026-05-05,disappointed by an out-of-stock item or a wrong order,the pastry case
FB-0046,STR-003,Charlie's Coffee - North Beach,own_store,94133,4,DoorDash,2026-05-27,"neutral, focused on remote work, wifi and power outlets",the pastry case
FB-0047,STR-003,Charlie's Coffee - North Beach,own_store,94133,2,DoorDash,2026-05-27,disappointed by an out-of-stock item or a wrong order,the Ceremonial Matcha Latte running out by early afternoon
FB-0048,STR-003,Charlie's Coffee - North Beach,own_store,94133,5,DoorDash,2026-04-07,enthusiastic and specific about the drinks,parking and access
FB-0049,STR-003,Charlie's Coffee - North Beach,own_store,94133,4,DoorDash,2026-06-26,positive but frustrated by the wait time,the pastry case
FB-0050,STR-003,Charlie's Coffee - North Beach,own_store,94133,2,DoorDash,2026-04-20,disappointed by an out-of-stock item or a wrong order,the Ceremonial Matcha Latte running out by early afternoon
FB-0051,STR-003,Charlie's Coffee - North Beach,own_store,94133,2,DoorDash,2026-05-04,disappointed by an out-of-stock item or a wrong order,seating and noise level
FB-0052,STR-003,Charlie's Coffee - North Beach,own_store,94133,3,Yelp,2026-08-05,"mixed: praises the food, criticises parking or seating",the staff and service speed
FB-0053,STR-003,Charlie's Coffee - North Beach,own_store,94133,2,DoorDash,2026-05-14,disappointed by an out-of-stock item or a wrong order,the Ceremonial Matcha Latte running out by early afternoon
FB-0054,STR-003,Charlie's Coffee - North Beach,own_store,94133,5,Yelp,2026-07-24,enthusiastic and specific about the drinks,the espresso quality
FB-0055,STR-003,Charlie's Coffee - North Beach,own_store,94133,4,Yelp,2026-07-24,"neutral, focused on remote work, wifi and power outlets",the staff and service speed
FB-0056,STR-003,Charlie's Coffee - North Beach,own_store,94133,2,Yelp,2026-03-06,disappointed by an out-of-stock item or a wrong order,the Ceremonial Matcha Latte running out by early afternoon
FB-0057,STR-003,Charlie's Coffee - North Beach,own_store,94133,4,DoorDash,2026-07-02,positive but frustrated by the wait time,the staff and service speed
FB-0058,STR-003,Charlie's Coffee - North Beach,own_store,94133,5,Google Maps,2026-04-04,enthusiastic and specific about the drinks,the pastry case
FB-0059,STR-003,Charlie's Coffee - North Beach,own_store,94133,2,Yelp,2026-07-28,disappointed by an out-of-stock item or a wrong order,the Ceremonial Matcha Latte running out by early afternoon
FB-0060,STR-003,Charlie's Coffee - North Beach,own_store,94133,4,Yelp,2026-08-12,"neutral, focused on remote work, wifi and power outlets",the cold brew program
FB-0061,STR-004,Charlie's Coffee - Hayes Valley,own_store,94102,2,Google Maps,2026-07-19,disappointed by an out-of-stock item or a wrong order,the cold brew program
FB-0062,STR-004,Charlie's Coffee - Hayes Valley,own_store,94102,5,Yelp,2026-05-02,enthusiastic and specific about the drinks,the espresso quality
FB-0063,STR-004,Charlie's Coffee - Hayes Valley,own_store,94102,3,Yelp,2026-07-04,"mixed: praises the food, criticises parking or seating",seating and noise level
FB-0064,STR-004,Charlie's Coffee - Hayes Valley,own_store,94102,2,Yelp,2026-06-02,disappointed by an out-of-stock item or a wrong order,the cold brew program
FB-0065,STR-004,Charlie's Coffee - Hayes Valley,own_store,94102,5,Google Maps,2026-04-21,enthusiastic and specific about the drinks,parking and access
FB-0066,STR-004,Charlie's Coffee - Hayes Valley,own_store,94102,4,Google Maps,2026-08-08,positive but frustrated by the wait time,the pastry case
FB-0067,STR-004,Charlie's Coffee - Hayes Valley,own_store,94102,3,Google Maps,2026-05-22,"mixed: praises the food, criticises parking or seating",seating and noise level
FB-0068,STR-004,Charlie's Coffee - Hayes Valley,own_store,94102,3,Yelp,2026-03-20,"mixed: praises the food, criticises parking or seating",the pastry case
FB-0069,STR-004,Charlie's Coffee - Hayes Valley,own_store,94102,4,Google Maps,2026-05-28,"neutral, focused on remote work, wifi and power outlets",the staff and service speed
FB-0070,STR-004,Charlie's Coffee - Hayes Valley,own_store,94102,4,DoorDash,2026-07-06,"neutral, focused on remote work, wifi and power outlets",the pastry case
FB-0071,STR-004,Charlie's Coffee - Hayes Valley,own_store,94102,5,Yelp,2026-09-01,enthusiastic and specific about the drinks,the staff and service speed
FB-0072,STR-004,Charlie's Coffee - Hayes Valley,own_store,94102,4,Google Maps,2026-09-01,positive but frustrated by the wait time,parking and access
FB-0073,STR-004,Charlie's Coffee - Hayes Valley,own_store,94102,4,Yelp,2026-03-18,"neutral, focused on remote work, wifi and power outlets",the espresso quality
FB-0074,STR-004,Charlie's Coffee - Hayes Valley,own_store,94102,5,DoorDash,2026-06-11,enthusiastic and specific about the drinks,seating and noise level
FB-0075,STR-004,Charlie's Coffee - Hayes Valley,own_store,94102,5,DoorDash,2026-03-28,enthusiastic and specific about the drinks,seating and noise level
FB-0076,STR-004,Charlie's Coffee - Hayes Valley,own_store,94102,4,DoorDash,2026-07-20,positive but frustrated by the wait time,the pastry case
FB-0077,STR-004,Charlie's Coffee - Hayes Valley,own_store,94102,5,Google Maps,2026-03-11,enthusiastic and specific about the drinks,the espresso quality
FB-0078,STR-004,Charlie's Coffee - Hayes Valley,own_store,94102,4,Google Maps,2026-07-09,"neutral, focused on remote work, wifi and power outlets",parking and access
FB-0079,STR-004,Charlie's Coffee - Hayes Valley,own_store,94102,4,Yelp,2026-07-31,positive but frustrated by the wait time,parking and access
FB-0080,STR-004,Charlie's Coffee - Hayes Valley,own_store,94102,4,DoorDash,2026-08-18,"neutral, focused on remote work, wifi and power outlets",the espresso quality
FB-0081,STR-005,Charlie's Coffee - Inner Richmond,own_store,94118,4,Yelp,2026-04-14,positive but frustrated by the wait time,the cold brew program
FB-0082,STR-005,Charlie's Coffee - Inner Richmond,own_store,94118,3,Yelp,2026-05-20,"mixed: praises the food, criticises parking or seating",the cold brew program
FB-0083,STR-005,Charlie's Coffee - Inner Richmond,own_store,94118,3,Google Maps,2026-07-21,"mixed: praises the food, criticises parking or seating",the cold brew program
FB-0084,STR-005,Charlie's Coffee - Inner Richmond,own_store,94118,4,DoorDash,2026-08-01,"neutral, focused on remote work, wifi and power outlets",the pastry case
FB-0085,STR-005,Charlie's Coffee - Inner Richmond,own_store,94118,2,DoorDash,2026-06-28,disappointed by an out-of-stock item or a wrong order,seating and noise level
FB-0086,STR-005,Charlie's Coffee - Inner Richmond,own_store,94118,5,Google Maps,2026-04-03,enthusiastic and specific about the drinks,the espresso quality
FB-0087,STR-005,Charlie's Coffee - Inner Richmond,own_store,94118,5,Google Maps,2026-08-30,enthusiastic and specific about the drinks,the cold brew program
FB-0088,STR-005,Charlie's Coffee - Inner Richmond,own_store,94118,3,DoorDash,2026-06-22,"mixed: praises the food, criticises parking or seating",parking and access
FB-0089,STR-005,Charlie's Coffee - Inner Richmond,own_store,94118,2,Google Maps,2026-03-27,disappointed by an out-of-stock item or a wrong order,the cold brew program
FB-0090,STR-005,Charlie's Coffee - Inner Richmond,own_store,94118,5,DoorDash,2026-07-22,enthusiastic and specific about the drinks,the cold brew program
FB-0091,STR-005,Charlie's Coffee - Inner Richmond,own_store,94118,2,Google Maps,2026-07-13,disappointed by an out-of-stock item or a wrong order,the staff and service speed
FB-0092,STR-005,Charlie's Coffee - Inner Richmond,own_store,94118,2,Google Maps,2026-07-16,disappointed by an out-of-stock item or a wrong order,the cold brew program
FB-0093,STR-005,Charlie's Coffee - Inner Richmond,own_store,94118,4,Yelp,2026-03-31,positive but frustrated by the wait time,parking and access
FB-0094,STR-005,Charlie's Coffee - Inner Richmond,own_store,94118,3,Yelp,2026-03-30,"mixed: praises the food, criticises parking or seating",the pastry case
FB-0095,STR-005,Charlie's Coffee - Inner Richmond,own_store,94118,2,DoorDash,2026-05-23,disappointed by an out-of-stock item or a wrong order,the espresso quality
FB-0096,STR-005,Charlie's Coffee - Inner Richmond,own_store,94118,3,Yelp,2026-04-24,"mixed: praises the food, criticises parking or seating",seating and noise level
FB-0097,STR-005,Charlie's Coffee - Inner Richmond,own_store,94118,4,Google Maps,2026-05-31,"neutral, focused on remote work, wifi and power outlets",the pastry case
FB-0098,STR-005,Charlie's Coffee - Inner Richmond,own_store,94118,4,Google Maps,2026-07-23,"neutral, focused on remote work, wifi and power outlets",the pastry case
FB-0099,STR-005,Charlie's Coffee - Inner Richmond,own_store,94118,5,Google Maps,2026-06-05,enthusiastic and specific about the drinks,the cold brew program
FB-0100,STR-005,Charlie's Coffee - Inner Richmond,own_store,94118,3,Yelp,2026-03-20,"mixed: praises the food, criticises parking or seating",the cold brew program
FB-0101,STR-006,Charlie's Coffee - Marina,own_store,94123,4,DoorDash,2026-07-09,positive but frustrated by the wait time,the pastry case
FB-0102,STR-006,Charlie's Coffee - Marina,own_store,94123,4,Yelp,2026-07-29,"neutral, focused on remote work, wifi and power outlets",the espresso quality
FB-0103,STR-006,Charlie's Coffee - Marina,own_store,94123,5,DoorDash,2026-05-28,enthusiastic and specific about the drinks,the staff and service speed
FB-0104,STR-006,Charlie's Coffee - Marina,own_store,94123,5,Yelp,2026-03-09,enthusiastic and specific about the drinks,the espresso quality
FB-0105,STR-006,Charlie's Coffee - Marina,own_store,94123,2,Yelp,2026-03-18,disappointed by an out-of-stock item or a wrong order,the pastry case
FB-0106,STR-006,Charlie's Coffee - Marina,own_store,94123,4,DoorDash,2026-04-23,positive but frustrated by the wait time,seating and noise level
FB-0107,STR-006,Charlie's Coffee - Marina,own_store,94123,4,Yelp,2026-05-04,positive but frustrated by the wait time,seating and noise level
FB-0108,STR-006,Charlie's Coffee - Marina,own_store,94123,5,Yelp,2026-08-29,enthusiastic and specific about the drinks,the cold brew program
FB-0109,STR-006,Charlie's Coffee - Marina,own_store,94123,5,Yelp,2026-07-14,enthusiastic and specific about the drinks,the pastry case
FB-0110,STR-006,Charlie's Coffee - Marina,own_store,94123,3,Google Maps,2026-05-02,"mixed: praises the food, criticises parking or seating",seating and noise level
FB-0111,STR-006,Charlie's Coffee - Marina,own_store,94123,4,Yelp,2026-06-25,positive but frustrated by the wait time,parking and access
FB-0112,STR-006,Charlie's Coffee - Marina,own_store,94123,5,DoorDash,2026-04-21,enthusiastic and specific about the drinks,the cold brew program
FB-0113,STR-006,Charlie's Coffee - Marina,own_store,94123,5,DoorDash,2026-04-21,enthusiastic and specific about the drinks,the cold brew program
FB-0114,STR-006,Charlie's Coffee - Marina,own_store,94123,3,DoorDash,2026-04-28,"mixed: praises the food, criticises parking or seating",the pastry case
FB-0115,STR-006,Charlie's Coffee - Marina,own_store,94123,4,Google Maps,2026-03-17,"neutral, focused on remote work, wifi and power outlets",the cold brew program
FB-0116,STR-006,Charlie's Coffee - Marina,own_store,94123,4,DoorDash,2026-03-31,"neutral, focused on remote work, wifi and power outlets",the espresso quality
FB-0117,STR-006,Charlie's Coffee - Marina,own_store,94123,2,Google Maps,2026-04-10,disappointed by an out-of-stock item or a wrong order,seating and noise level
FB-0118,STR-006,Charlie's Coffee - Marina,own_store,94123,4,Yelp,2026-03-06,positive but frustrated by the wait time,seating and noise level
FB-0119,STR-006,Charlie's Coffee - Marina,own_store,94123,2,Google Maps,2026-05-24,disappointed by an out-of-stock item or a wrong order,the pastry case
FB-0120,STR-006,Charlie's Coffee - Marina,own_store,94123,2,Yelp,2026-04-11,disappointed by an out-of-stock item or a wrong order,seating and noise level
FB-0121,CMP-001,Sightglass Coffee - 7th Street,competitor,94103,2,DoorDash,2026-04-26,disappointed by an out-of-stock item or a wrong order,the staff and service speed
FB-0122,CMP-001,Sightglass Coffee - 7th Street,competitor,94103,4,DoorDash,2026-06-06,"neutral, focused on remote work, wifi and power outlets",the espresso quality
FB-0123,CMP-001,Sightglass Coffee - 7th Street,competitor,94103,4,Google Maps,2026-06-08,positive but frustrated by the wait time,the cold brew program
FB-0124,CMP-001,Sightglass Coffee - 7th Street,competitor,94103,4,Google Maps,2026-05-20,"neutral, focused on remote work, wifi and power outlets",seating and noise level
FB-0125,CMP-001,Sightglass Coffee - 7th Street,competitor,94103,4,DoorDash,2026-05-30,positive but frustrated by the wait time,seating and noise level
FB-0126,CMP-001,Sightglass Coffee - 7th Street,competitor,94103,3,DoorDash,2026-04-03,"mixed: praises the food, criticises parking or seating",the pastry case
FB-0127,CMP-001,Sightglass Coffee - 7th Street,competitor,94103,5,Yelp,2026-08-05,enthusiastic and specific about the drinks,parking and access
FB-0128,CMP-001,Sightglass Coffee - 7th Street,competitor,94103,4,DoorDash,2026-06-14,"neutral, focused on remote work, wifi and power outlets",the pastry case
FB-0129,CMP-001,Sightglass Coffee - 7th Street,competitor,94103,2,Google Maps,2026-08-30,disappointed by an out-of-stock item or a wrong order,parking and access
FB-0130,CMP-001,Sightglass Coffee - 7th Street,competitor,94103,4,Yelp,2026-08-18,"neutral, focused on remote work, wifi and power outlets",the pastry case
FB-0131,CMP-001,Sightglass Coffee - 7th Street,competitor,94103,3,Google Maps,2026-07-08,"mixed: praises the food, criticises parking or seating",the staff and service speed
FB-0132,CMP-001,Sightglass Coffee - 7th Street,competitor,94103,3,DoorDash,2026-03-14,"mixed: praises the food, criticises parking or seating",the espresso quality
FB-0133,CMP-001,Sightglass Coffee - 7th Street,competitor,94103,4,Google Maps,2026-05-23,"neutral, focused on remote work, wifi and power outlets",the cold brew program
FB-0134,CMP-001,Sightglass Coffee - 7th Street,competitor,94103,4,DoorDash,2026-06-07,"neutral, focused on remote work, wifi and power outlets",the staff and service speed
FB-0135,CMP-001,Sightglass Coffee - 7th Street,competitor,94103,3,Yelp,2026-07-19,"mixed: praises the food, criticises parking or seating",parking and access
FB-0136,CMP-001,Sightglass Coffee - 7th Street,competitor,94103,3,Yelp,2026-04-10,"mixed: praises the food, criticises parking or seating",parking and access
FB-0137,CMP-001,Sightglass Coffee - 7th Street,competitor,94103,4,Yelp,2026-07-31,"neutral, focused on remote work, wifi and power outlets",parking and access
FB-0138,CMP-001,Sightglass Coffee - 7th Street,competitor,94103,4,DoorDash,2026-06-19,positive but frustrated by the wait time,the staff and service speed
FB-0139,CMP-001,Sightglass Coffee - 7th Street,competitor,94103,5,Google Maps,2026-08-17,enthusiastic and specific about the drinks,the staff and service speed
FB-0140,CMP-001,Sightglass Coffee - 7th Street,competitor,94103,5,Yelp,2026-03-16,enthusiastic and specific about the drinks,the espresso quality
FB-0141,CMP-002,Four Barrel Coffee - Valencia,competitor,94103,5,Yelp,2026-06-08,enthusiastic and specific about the drinks,seating and noise level
FB-0142,CMP-002,Four Barrel Coffee - Valencia,competitor,94103,3,Google Maps,2026-04-04,"mixed: praises the food, criticises parking or seating",the cold brew program
FB-0143,CMP-002,Four Barrel Coffee - Valencia,competitor,94103,5,DoorDash,2026-06-22,enthusiastic and specific about the drinks,seating and noise level
FB-0144,CMP-002,Four Barrel Coffee - Valencia,competitor,94103,5,Yelp,2026-08-30,enthusiastic and specific about the drinks,the cold brew program
FB-0145,CMP-002,Four Barrel Coffee - Valencia,competitor,94103,5,DoorDash,2026-08-04,enthusiastic and specific about the drinks,the pastry case
FB-0146,CMP-002,Four Barrel Coffee - Valencia,competitor,94103,2,Google Maps,2026-05-07,disappointed by an out-of-stock item or a wrong order,parking and access
FB-0147,CMP-002,Four Barrel Coffee - Valencia,competitor,94103,3,DoorDash,2026-03-24,"mixed: praises the food, criticises parking or seating",the cold brew program
FB-0148,CMP-002,Four Barrel Coffee - Valencia,competitor,94103,3,DoorDash,2026-03-13,"mixed: praises the food, criticises parking or seating",the staff and service speed
FB-0149,CMP-002,Four Barrel Coffee - Valencia,competitor,94103,3,DoorDash,2026-08-22,"mixed: praises the food, criticises parking or seating",parking and access
FB-0150,CMP-002,Four Barrel Coffee - Valencia,competitor,94103,2,DoorDash,2026-06-01,disappointed by an out-of-stock item or a wrong order,parking and access
FB-0151,CMP-002,Four Barrel Coffee - Valencia,competitor,94103,5,Yelp,2026-03-19,enthusiastic and specific about the drinks,the staff and service speed
FB-0152,CMP-002,Four Barrel Coffee - Valencia,competitor,94103,3,Yelp,2026-04-30,"mixed: praises the food, criticises parking or seating",the cold brew program
FB-0153,CMP-002,Four Barrel Coffee - Valencia,competitor,94103,5,DoorDash,2026-08-09,enthusiastic and specific about the drinks,the cold brew program
FB-0154,CMP-002,Four Barrel Coffee - Valencia,competitor,94103,5,Google Maps,2026-07-15,enthusiastic and specific about the drinks,the staff and service speed
FB-0155,CMP-002,Four Barrel Coffee - Valencia,competitor,94103,4,DoorDash,2026-04-27,"neutral, focused on remote work, wifi and power outlets",the cold brew program
FB-0156,CMP-002,Four Barrel Coffee - Valencia,competitor,94103,5,Google Maps,2026-06-07,enthusiastic and specific about the drinks,seating and noise level
FB-0157,CMP-002,Four Barrel Coffee - Valencia,competitor,94103,3,Yelp,2026-05-22,"mixed: praises the food, criticises parking or seating",the staff and service speed
FB-0158,CMP-002,Four Barrel Coffee - Valencia,competitor,94103,3,Google Maps,2026-08-21,"mixed: praises the food, criticises parking or seating",the cold brew program
FB-0159,CMP-002,Four Barrel Coffee - Valencia,competitor,94103,2,Google Maps,2026-03-22,disappointed by an out-of-stock item or a wrong order,seating and noise level
FB-0160,CMP-002,Four Barrel Coffee - Valencia,competitor,94103,3,DoorDash,2026-08-24,"mixed: praises the food, criticises parking or seating",seating and noise level
FB-0161,CMP-003,Ritual Coffee Roasters - Valencia,competitor,94110,4,Google Maps,2026-06-09,positive but frustrated by the wait time,the espresso quality
FB-0162,CMP-003,Ritual Coffee Roasters - Valencia,competitor,94110,4,DoorDash,2026-04-23,positive but frustrated by the wait time,the cold brew program
FB-0163,CMP-003,Ritual Coffee Roasters - Valencia,competitor,94110,4,Google Maps,2026-08-10,positive but frustrated by the wait time,the pastry case
FB-0164,CMP-003,Ritual Coffee Roasters - Valencia,competitor,94110,2,DoorDash,2026-05-23,disappointed by an out-of-stock item or a wrong order,the cold brew program
FB-0165,CMP-003,Ritual Coffee Roasters - Valencia,competitor,94110,3,DoorDash,2026-06-05,"mixed: praises the food, criticises parking or seating",the cold brew program
FB-0166,CMP-003,Ritual Coffee Roasters - Valencia,competitor,94110,2,Yelp,2026-08-31,disappointed by an out-of-stock item or a wrong order,the staff and service speed
FB-0167,CMP-003,Ritual Coffee Roasters - Valencia,competitor,94110,5,DoorDash,2026-05-22,enthusiastic and specific about the drinks,seating and noise level
FB-0168,CMP-003,Ritual Coffee Roasters - Valencia,competitor,94110,2,Google Maps,2026-03-30,disappointed by an out-of-stock item or a wrong order,the cold brew program
FB-0169,CMP-003,Ritual Coffee Roasters - Valencia,competitor,94110,4,DoorDash,2026-03-30,"neutral, focused on remote work, wifi and power outlets",the espresso quality
FB-0170,CMP-003,Ritual Coffee Roasters - Valencia,competitor,94110,4,Yelp,2026-07-10,"neutral, focused on remote work, wifi and power outlets",parking and access
FB-0171,CMP-003,Ritual Coffee Roasters - Valencia,competitor,94110,4,DoorDash,2026-03-26,"neutral, focused on remote work, wifi and power outlets",the pastry case
FB-0172,CMP-003,Ritual Coffee Roasters - Valencia,competitor,94110,3,Yelp,2026-05-10,"mixed: praises the food, criticises parking or seating",the staff and service speed
FB-0173,CMP-003,Ritual Coffee Roasters - Valencia,competitor,94110,3,Google Maps,2026-05-04,"mixed: praises the food, criticises parking or seating",seating and noise level
FB-0174,CMP-003,Ritual Coffee Roasters - Valencia,competitor,94110,3,DoorDash,2026-06-02,"mixed: praises the food, criticises parking or seating",parking and access
FB-0175,CMP-003,Ritual Coffee Roasters - Valencia,competitor,94110,2,DoorDash,2026-07-20,disappointed by an out-of-stock item or a wrong order,the staff and service speed
FB-0176,CMP-003,Ritual Coffee Roasters - Valencia,competitor,94110,2,Yelp,2026-08-25,disappointed by an out-of-stock item or a wrong order,seating and noise level
FB-0177,CMP-003,Ritual Coffee Roasters - Valencia,competitor,94110,2,Yelp,2026-03-11,disappointed by an out-of-stock item or a wrong order,the staff and service speed
FB-0178,CMP-003,Ritual Coffee Roasters - Valencia,competitor,94110,4,DoorDash,2026-04-30,"neutral, focused on remote work, wifi and power outlets",the espresso quality
FB-0179,CMP-003,Ritual Coffee Roasters - Valencia,competitor,94110,4,Yelp,2026-08-21,"neutral, focused on remote work, wifi and power outlets",parking and access
FB-0180,CMP-003,Ritual Coffee Roasters - Valencia,competitor,94110,5,Google Maps,2026-05-26,enthusiastic and specific about the drinks,seating and noise level
FB-0181,CMP-004,Caffe Trieste - North Beach,competitor,94133,4,Yelp,2026-06-13,"neutral, focused on remote work, wifi and power outlets",parking and access
FB-0182,CMP-004,Caffe Trieste - North Beach,competitor,94133,3,DoorDash,2026-08-08,"mixed: praises the food, criticises parking or seating",the pastry case
FB-0183,CMP-004,Caffe Trieste - North Beach,competitor,94133,2,Google Maps,2026-08-23,disappointed by an out-of-stock item or a wrong order,the staff and service speed
FB-0184,CMP-004,Caffe Trieste - North Beach,competitor,94133,5,Yelp,2026-05-21,enthusiastic and specific about the drinks,the espresso quality
FB-0185,CMP-004,Caffe Trieste - North Beach,competitor,94133,4,Yelp,2026-03-26,positive but frustrated by the wait time,the cold brew program
FB-0186,CMP-004,Caffe Trieste - North Beach,competitor,94133,4,Yelp,2026-05-13,positive but frustrated by the wait time,seating and noise level
FB-0187,CMP-004,Caffe Trieste - North Beach,competitor,94133,4,Yelp,2026-05-25,positive but frustrated by the wait time,the espresso quality
FB-0188,CMP-004,Caffe Trieste - North Beach,competitor,94133,3,DoorDash,2026-07-26,"mixed: praises the food, criticises parking or seating",the espresso quality
FB-0189,CMP-004,Caffe Trieste - North Beach,competitor,94133,4,DoorDash,2026-04-28,positive but frustrated by the wait time,seating and noise level
FB-0190,CMP-004,Caffe Trieste - North Beach,competitor,94133,4,Yelp,2026-04-01,"neutral, focused on remote work, wifi and power outlets",parking and access
FB-0191,CMP-004,Caffe Trieste - North Beach,competitor,94133,3,Google Maps,2026-03-28,"mixed: praises the food, criticises parking or seating",the cold brew program
FB-0192,CMP-004,Caffe Trieste - North Beach,competitor,94133,4,Google Maps,2026-08-11,"neutral, focused on remote work, wifi and power outlets",parking and access
FB-0193,CMP-004,Caffe Trieste - North Beach,competitor,94133,4,Google Maps,2026-03-26,positive but frustrated by the wait time,the cold brew program
FB-0194,CMP-004,Caffe Trieste - North Beach,competitor,94133,2,Yelp,2026-08-28,disappointed by an out-of-stock item or a wrong order,the cold brew program
FB-0195,CMP-004,Caffe Trieste - North Beach,competitor,94133,4,Yelp,2026-08-15,positive but frustrated by the wait time,the espresso quality
FB-0196,CMP-004,Caffe Trieste - North Beach,competitor,94133,4,DoorDash,2026-08-26,positive but frustrated by the wait time,parking and access
FB-0197,CMP-004,Caffe Trieste - North Beach,competitor,94133,4,Yelp,2026-04-16,"neutral, focused on remote work, wifi and power outlets",seating and noise level
FB-0198,CMP-004,Caffe Trieste - North Beach,competitor,94133,2,DoorDash,2026-04-18,disappointed by an out-of-stock item or a wrong order,seating and noise level
FB-0199,CMP-004,Caffe Trieste - North Beach,competitor,94133,5,DoorDash,2026-03-23,enthusiastic and specific about the drinks,the cold brew program
FB-0200,CMP-004,Caffe Trieste - North Beach,competitor,94133,4,Google Maps,2026-08-21,positive but frustrated by the wait time,the cold brew program
FB-0201,CMP-005,Blue Bottle Coffee - Linden,competitor,94102,5,DoorDash,2026-03-20,enthusiastic and specific about the drinks,the staff and service speed
FB-0202,CMP-005,Blue Bottle Coffee - Linden,competitor,94102,4,Yelp,2026-03-21,"neutral, focused on remote work, wifi and power outlets",the cold brew program
FB-0203,CMP-005,Blue Bottle Coffee - Linden,competitor,94102,3,Yelp,2026-05-04,"mixed: praises the food, criticises parking or seating",the cold brew program
FB-0204,CMP-005,Blue Bottle Coffee - Linden,competitor,94102,2,Google Maps,2026-08-18,disappointed by an out-of-stock item or a wrong order,the cold brew program
FB-0205,CMP-005,Blue Bottle Coffee - Linden,competitor,94102,4,Google Maps,2026-04-11,"neutral, focused on remote work, wifi and power outlets",the pastry case
FB-0206,CMP-005,Blue Bottle Coffee - Linden,competitor,94102,4,Yelp,2026-05-10,positive but frustrated by the wait time,the espresso quality
FB-0207,CMP-005,Blue Bottle Coffee - Linden,competitor,94102,4,DoorDash,2026-05-17,"neutral, focused on remote work, wifi and power outlets",parking and access
FB-0208,CMP-005,Blue Bottle Coffee - Linden,competitor,94102,4,Yelp,2026-06-14,"neutral, focused on remote work, wifi and power outlets",parking and access
FB-0209,CMP-005,Blue Bottle Coffee - Linden,competitor,94102,5,DoorDash,2026-08-28,enthusiastic and specific about the drinks,seating and noise level
FB-0210,CMP-005,Blue Bottle Coffee - Linden,competitor,94102,4,Yelp,2026-08-28,"neutral, focused on remote work, wifi and power outlets",the cold brew program
FB-0211,CMP-005,Blue Bottle Coffee - Linden,competitor,94102,2,DoorDash,2026-07-02,disappointed by an out-of-stock item or a wrong order,the cold brew program
FB-0212,CMP-005,Blue Bottle Coffee - Linden,competitor,94102,5,Google Maps,2026-08-10,enthusiastic and specific about the drinks,the cold brew program
FB-0213,CMP-005,Blue Bottle Coffee - Linden,competitor,94102,4,Yelp,2026-03-06,positive but frustrated by the wait time,the pastry case
FB-0214,CMP-005,Blue Bottle Coffee - Linden,competitor,94102,4,DoorDash,2026-06-18,positive but frustrated by the wait time,the espresso quality
FB-0215,CMP-005,Blue Bottle Coffee - Linden,competitor,94102,2,Google Maps,2026-04-10,disappointed by an out-of-stock item or a wrong order,the cold brew program
FB-0216,CMP-005,Blue Bottle Coffee - Linden,competitor,94102,2,Yelp,2026-03-24,disappointed by an out-of-stock item or a wrong order,parking and access
FB-0217,CMP-005,Blue Bottle Coffee - Linden,competitor,94102,3,Google Maps,2026-04-27,"mixed: praises the food, criticises parking or seating",the espresso quality
FB-0218,CMP-005,Blue Bottle Coffee - Linden,competitor,94102,4,Google Maps,2026-08-01,positive but frustrated by the wait time,the cold brew program
FB-0219,CMP-005,Blue Bottle Coffee - Linden,competitor,94102,4,Yelp,2026-04-07,positive but frustrated by the wait time,parking and access
FB-0220,CMP-005,Blue Bottle Coffee - Linden,competitor,94102,4,Google Maps,2026-05-15,positive but frustrated by the wait time,the cold brew program
FB-0221,CMP-006,Ritual Coffee Roasters - Hayes Valley,competitor,94102,5,Google Maps,2026-07-19,enthusiastic and specific about the drinks,the espresso quality
FB-0222,CMP-006,Ritual Coffee Roasters - Hayes Valley,competitor,94102,4,Yelp,2026-06-06,positive but frustrated by the wait time,the staff and service speed
FB-0223,CMP-006,Ritual Coffee Roasters - Hayes Valley,competitor,94102,4,DoorDash,2026-03-16,positive but frustrated by the wait time,the espresso quality
FB-0224,CMP-006,Ritual Coffee Roasters - Hayes Valley,competitor,94102,5,Yelp,2026-08-13,enthusiastic and specific about the drinks,the espresso quality
FB-0225,CMP-006,Ritual Coffee Roasters - Hayes Valley,competitor,94102,4,Google Maps,2026-03-23,"neutral, focused on remote work, wifi and power outlets",seating and noise level
FB-0226,CMP-006,Ritual Coffee Roasters - Hayes Valley,competitor,94102,5,DoorDash,2026-03-21,enthusiastic and specific about the drinks,the staff and service speed
FB-0227,CMP-006,Ritual Coffee Roasters - Hayes Valley,competitor,94102,4,Yelp,2026-07-31,"neutral, focused on remote work, wifi and power outlets",the espresso quality
FB-0228,CMP-006,Ritual Coffee Roasters - Hayes Valley,competitor,94102,4,Yelp,2026-07-19,positive but frustrated by the wait time,seating and noise level
FB-0229,CMP-006,Ritual Coffee Roasters - Hayes Valley,competitor,94102,4,Google Maps,2026-08-08,"neutral, focused on remote work, wifi and power outlets",the pastry case
FB-0230,CMP-006,Ritual Coffee Roasters - Hayes Valley,competitor,94102,3,DoorDash,2026-05-08,"mixed: praises the food, criticises parking or seating",the pastry case
FB-0231,CMP-006,Ritual Coffee Roasters - Hayes Valley,competitor,94102,4,DoorDash,2026-08-06,"neutral, focused on remote work, wifi and power outlets",parking and access
FB-0232,CMP-006,Ritual Coffee Roasters - Hayes Valley,competitor,94102,5,DoorDash,2026-03-08,enthusiastic and specific about the drinks,seating and noise level
FB-0233,CMP-006,Ritual Coffee Roasters - Hayes Valley,competitor,94102,4,Google Maps,2026-06-23,positive but frustrated by the wait time,parking and access
FB-0234,CMP-006,Ritual Coffee Roasters - Hayes Valley,competitor,94102,5,DoorDash,2026-03-15,enthusiastic and specific about the drinks,parking and access
FB-0235,CMP-006,Ritual Coffee Roasters - Hayes Valley,competitor,94102,3,DoorDash,2026-05-09,"mixed: praises the food, criticises parking or seating",parking and access
FB-0236,CMP-006,Ritual Coffee Roasters - Hayes Valley,competitor,94102,4,Google Maps,2026-03-28,"neutral, focused on remote work, wifi and power outlets",parking and access
FB-0237,CMP-006,Ritual Coffee Roasters - Hayes Valley,competitor,94102,2,Yelp,2026-06-10,disappointed by an out-of-stock item or a wrong order,the pastry case
FB-0238,CMP-006,Ritual Coffee Roasters - Hayes Valley,competitor,94102,3,Yelp,2026-08-11,"mixed: praises the food, criticises parking or seating",the cold brew program
FB-0239,CMP-006,Ritual Coffee Roasters - Hayes Valley,competitor,94102,2,DoorDash,2026-08-10,disappointed by an out-of-stock item or a wrong order,the pastry case
FB-0240,CMP-006,Ritual Coffee Roasters - Hayes Valley,competitor,94102,3,Yelp,2026-07-03,"mixed: praises the food, criticises parking or seating",parking and access
FB-0241,CMP-007,Wrecking Ball Coffee Roasters - Union,competitor,94123,5,Google Maps,2026-06-26,enthusiastic and specific about the drinks,the staff and service speed
FB-0242,CMP-007,Wrecking Ball Coffee Roasters - Union,competitor,94123,4,Yelp,2026-08-14,positive but frustrated by the wait time,the espresso quality
FB-0243,CMP-007,Wrecking Ball Coffee Roasters - Union,competitor,94123,3,Google Maps,2026-04-10,"mixed: praises the food, criticises parking or seating",the staff and service speed
FB-0244,CMP-007,Wrecking Ball Coffee Roasters - Union,competitor,94123,4,DoorDash,2026-08-30,positive but frustrated by the wait time,parking and access
FB-0245,CMP-007,Wrecking Ball Coffee Roasters - Union,competitor,94123,4,Google Maps,2026-03-15,positive but frustrated by the wait time,the cold brew program
FB-0246,CMP-007,Wrecking Ball Coffee Roasters - Union,competitor,94123,4,Yelp,2026-08-26,positive but frustrated by the wait time,the espresso quality
FB-0247,CMP-007,Wrecking Ball Coffee Roasters - Union,competitor,94123,2,Google Maps,2026-03-25,disappointed by an out-of-stock item or a wrong order,the staff and service speed
FB-0248,CMP-007,Wrecking Ball Coffee Roasters - Union,competitor,94123,5,Yelp,2026-05-06,enthusiastic and specific about the drinks,seating and noise level
FB-0249,CMP-007,Wrecking Ball Coffee Roasters - Union,competitor,94123,4,DoorDash,2026-06-29,positive but frustrated by the wait time,the pastry case
FB-0250,CMP-007,Wrecking Ball Coffee Roasters - Union,competitor,94123,4,Google Maps,2026-05-30,positive but frustrated by the wait time,the espresso quality
FB-0251,CMP-007,Wrecking Ball Coffee Roasters - Union,competitor,94123,2,Google Maps,2026-08-27,disappointed by an out-of-stock item or a wrong order,the espresso quality
FB-0252,CMP-007,Wrecking Ball Coffee Roasters - Union,competitor,94123,5,Yelp,2026-05-01,enthusiastic and specific about the drinks,the espresso quality
FB-0253,CMP-007,Wrecking Ball Coffee Roasters - Union,competitor,94123,4,Google Maps,2026-04-07,positive but frustrated by the wait time,the espresso quality
FB-0254,CMP-007,Wrecking Ball Coffee Roasters - Union,competitor,94123,3,DoorDash,2026-06-12,"mixed: praises the food, criticises parking or seating",the espresso quality
FB-0255,CMP-007,Wrecking Ball Coffee Roasters - Union,competitor,94123,4,DoorDash,2026-05-18,"neutral, focused on remote work, wifi and power outlets",the pastry case
FB-0256,CMP-007,Wrecking Ball Coffee Roasters - Union,competitor,94123,2,Google Maps,2026-06-27,disappointed by an out-of-stock item or a wrong order,seating and noise level
FB-0257,CMP-007,Wrecking Ball Coffee Roasters - Union,competitor,94123,4,Yelp,2026-07-12,"neutral, focused on remote work, wifi and power outlets",the cold brew program
FB-0258,CMP-007,Wrecking Ball Coffee Roasters - Union,competitor,94123,5,Google Maps,2026-06-03,enthusiastic and specific about the drinks,seating and noise level
FB-0259,CMP-007,Wrecking Ball Coffee Roasters - Union,competitor,94123,5,Google Maps,2026-06-02,enthusiastic and specific about the drinks,seating and noise level
FB-0260,CMP-007,Wrecking Ball Coffee Roasters - Union,competitor,94123,3,DoorDash,2026-03-07,"mixed: praises the food, criticises parking or seating",seating and noise level
FB-0261,CMP-008,The Coffee Movement - Balboa,competitor,94121,2,Yelp,2026-04-03,disappointed by an out-of-stock item or a wrong order,the cold brew program
FB-0262,CMP-008,The Coffee Movement - Balboa,competitor,94121,3,Google Maps,2026-08-24,"mixed: praises the food, criticises parking or seating",the staff and service speed
FB-0263,CMP-008,The Coffee Movement - Balboa,competitor,94121,2,Google Maps,2026-04-16,disappointed by an out-of-stock item or a wrong order,the espresso quality
FB-0264,CMP-008,The Coffee Movement - Balboa,competitor,94121,3,Yelp,2026-08-22,"mixed: praises the food, criticises parking or seating",the espresso quality
FB-0265,CMP-008,The Coffee Movement - Balboa,competitor,94121,5,Google Maps,2026-08-13,enthusiastic and specific about the drinks,seating and noise level
FB-0266,CMP-008,The Coffee Movement - Balboa,competitor,94121,4,DoorDash,2026-08-27,"neutral, focused on remote work, wifi and power outlets",the cold brew program
FB-0267,CMP-008,The Coffee Movement - Balboa,competitor,94121,4,Yelp,2026-03-18,positive but frustrated by the wait time,the staff and service speed
FB-0268,CMP-008,The Coffee Movement - Balboa,competitor,94121,4,Yelp,2026-04-05,positive but frustrated by the wait time,seating and noise level
FB-0269,CMP-008,The Coffee Movement - Balboa,competitor,94121,4,Google Maps,2026-07-30,positive but frustrated by the wait time,parking and access
FB-0270,CMP-008,The Coffee Movement - Balboa,competitor,94121,4,DoorDash,2026-06-17,"neutral, focused on remote work, wifi and power outlets",the pastry case
FB-0271,CMP-008,The Coffee Movement - Balboa,competitor,94121,4,Google Maps,2026-06-18,"neutral, focused on remote work, wifi and power outlets",the espresso quality
FB-0272,CMP-008,The Coffee Movement - Balboa,competitor,94121,3,Google Maps,2026-04-28,"mixed: praises the food, criticises parking or seating",seating and noise level
FB-0273,CMP-008,The Coffee Movement - Balboa,competitor,94121,4,DoorDash,2026-07-17,"neutral, focused on remote work, wifi and power outlets",parking and access
FB-0274,CMP-008,The Coffee Movement - Balboa,competitor,94121,4,Yelp,2026-05-10,positive but frustrated by the wait time,parking and access
FB-0275,CMP-008,The Coffee Movement - Balboa,competitor,94121,2,Yelp,2026-04-03,disappointed by an out-of-stock item or a wrong order,the pastry case
FB-0276,CMP-008,The Coffee Movement - Balboa,competitor,94121,2,DoorDash,2026-03-13,disappointed by an out-of-stock item or a wrong order,the pastry case
FB-0277,CMP-008,The Coffee Movement - Balboa,competitor,94121,5,DoorDash,2026-08-27,enthusiastic and specific about the drinks,parking and access
FB-0278,CMP-008,The Coffee Movement - Balboa,competitor,94121,2,DoorDash,2026-03-10,disappointed by an out-of-stock item or a wrong order,the pastry case
FB-0279,CMP-008,The Coffee Movement - Balboa,competitor,94121,4,Google Maps,2026-04-18,positive but frustrated by the wait time,parking and access
FB-0280,CMP-008,The Coffee Movement - Balboa,competitor,94121,2,DoorDash,2026-06-19,disappointed by an out-of-stock item or a wrong order,seating and noise level
FB-0281,CMP-009,Andytown Coffee Roasters - Lawton,competitor,94122,2,Google Maps,2026-06-27,disappointed by an out-of-stock item or a wrong order,parking and access
FB-0282,CMP-009,Andytown Coffee Roasters - Lawton,competitor,94122,5,Yelp,2026-08-25,enthusiastic and specific about the drinks,the staff and service speed
FB-0283,CMP-009,Andytown Coffee Roasters - Lawton,competitor,94122,4,Google Maps,2026-06-18,positive but frustrated by the wait time,the staff and service speed
FB-0284,CMP-009,Andytown Coffee Roasters - Lawton,competitor,94122,2,Google Maps,2026-06-03,disappointed by an out-of-stock item or a wrong order,parking and access
FB-0285,CMP-009,Andytown Coffee Roasters - Lawton,competitor,94122,2,Yelp,2026-07-01,disappointed by an out-of-stock item or a wrong order,the cold brew program
FB-0286,CMP-009,Andytown Coffee Roasters - Lawton,competitor,94122,5,Google Maps,2026-05-14,enthusiastic and specific about the drinks,the cold brew program
FB-0287,CMP-009,Andytown Coffee Roasters - Lawton,competitor,94122,5,DoorDash,2026-05-25,enthusiastic and specific about the drinks,the pastry case
FB-0288,CMP-009,Andytown Coffee Roasters - Lawton,competitor,94122,4,DoorDash,2026-05-15,positive but frustrated by the wait time,the pastry case
FB-0289,CMP-009,Andytown Coffee Roasters - Lawton,competitor,94122,4,Yelp,2026-05-09,"neutral, focused on remote work, wifi and power outlets",seating and noise level
FB-0290,CMP-009,Andytown Coffee Roasters - Lawton,competitor,94122,3,Google Maps,2026-05-09,"mixed: praises the food, criticises parking or seating",seating and noise level
FB-0291,CMP-009,Andytown Coffee Roasters - Lawton,competitor,94122,3,DoorDash,2026-07-08,"mixed: praises the food, criticises parking or seating",the pastry case
FB-0292,CMP-009,Andytown Coffee Roasters - Lawton,competitor,94122,5,Yelp,2026-05-11,enthusiastic and specific about the drinks,the pastry case
FB-0293,CMP-009,Andytown Coffee Roasters - Lawton,competitor,94122,4,Google Maps,2026-07-30,"neutral, focused on remote work, wifi and power outlets",the staff and service speed
FB-0294,CMP-009,Andytown Coffee Roasters - Lawton,competitor,94122,3,Google Maps,2026-08-29,"mixed: praises the food, criticises parking or seating",parking and access
FB-0295,CMP-009,Andytown Coffee Roasters - Lawton,competitor,94122,2,Google Maps,2026-03-19,disappointed by an out-of-stock item or a wrong order,seating and noise level
FB-0296,CMP-009,Andytown Coffee Roasters - Lawton,competitor,94122,3,DoorDash,2026-04-04,"mixed: praises the food, criticises parking or seating",the espresso quality
FB-0297,CMP-009,Andytown Coffee Roasters - Lawton,competitor,94122,5,Yelp,2026-04-03,enthusiastic and specific about the drinks,the espresso quality
FB-0298,CMP-009,Andytown Coffee Roasters - Lawton,competitor,94122,2,Google Maps,2026-07-20,disappointed by an out-of-stock item or a wrong order,parking and access
FB-0299,CMP-009,Andytown Coffee Roasters - Lawton,competitor,94122,4,Google Maps,2026-06-17,"neutral, focused on remote work, wifi and power outlets",the espresso quality
FB-0300,CMP-009,Andytown Coffee Roasters - Lawton,competitor,94122,4,Google Maps,2026-07-12,positive but frustrated by the wait time,the pastry case
