94103,2024-09-09,105293.00,14415,7.30
94103,2024-09-16,99445.38,13615,7.30
94103,2024-09-23,102227.87,13996,7.30
94103,2024-09-30,99025.29,13557,7.30
94103,2024-10-07,104753.75,14342,7.30
94103,2024-10-14,106904.25,14636,7.30
94103,2024-10-21,102752.96,14068,7.30
94103,2024-10-28,100897.29,13814,7.30
94103,2024-11-04,105595.21,14457,7.30
94103,2024-11-11,101262.25,13864,7.30
94103,2024-11-18,99329.63,13599,7.30
94103,2024-11-25,104008.58,14240,7.30
94103,2024-12-02,100980.79,13825,7.30
94103,2024-12-09,102644.54,14053,7.30
94103,2024-12-16,105789.96,14484,7.30
94103,2024-12-23,103590.42,14182,7.30
94103,2024-12-30,105228.58,14407,7.30
94103,2025-01-06,103030.17,14106,7.30
94103,2025-01-13,102402.42,14020,7.30
94103,2025-01-20,102823.92,14077,7.30
94103,2025-01-27,104533.21,14311,7.30
94103,2025-02-03,103126.21,14119,7.30
94103,2025-02-10,102210.92,13994,7.30
94103,2025-02-17,101315.33,13871,7.30
94103,2025-02-24,99593.33,13635,7.30
94103,2025-03-03,106997.67,14649,7.30
94103,2025-03-10,100903.83,13815,7.30
94103,2025-03-17,104617.25,14323,7.30
94103,2025-03-24,105762.25,14480,7.30
94103,2025-03-31,105720.54,14474,7.30
94103,2025-04-07,102631.37,14051,7.30
94103,2025-04-14,107586.38,14729,7.30
94103,2025-04-21,103722.08,14200,7.30
94103,2025-04-28,105605.58,14458,7.30
94103,2025-05-05,108597.38,14868,7.30
94103,2025-05-12,104113.13,14254,7.30
94103,2025-05-19,102723.58,14064,7.30
94103,2025-05-26,110437.83,15120,7.30
94103,2025-06-02,102066.33,13974,7.30
94103,2025-06-09,105270.87,14412,7.30
94103,2025-06-16,105262.33,14411,7.30
94103,2025-06-23,110471.75,15124,7.30
94103,2025-06-30,110868.62,15179,7.30
94103,2025-07-07,107945.58,14779,7.30
94103,2025-07-14,103760.75,14206,7.30
94103,2025-07-21,108496.08,14854,7.30
94103,2025-07-28,109200.25,14950,7.30
94103,2025-08-04,107288.38,14689,7.30
94103,2025-08-11,102064.88,13974,7.30
94103,2025-08-18,111409.50,15253,7.30
94103,2025-08-25,109913.67,15048,7.30
94103,2025-09-01,102213.29,13994,7.30
94103,2025-09-08,106284.83,14551,7.30
94103,2025-09-15,107044.83,14655,7.30
94103,2025-09-22,107354.67,14698,7.30
94103,2025-09-29,111297.50,15238,7.30
94103,2025-10-06,107412.83,14706,7.30
94103,2025-10-13,107990.04,14785,7.30
94103,2025-10-20,108843.04,14902,7.30
94103,2025-10-27,109140.17,14942,7.30
94103,2025-11-03,105328.08,14420,7.30
94103,2025-11-10,112809.71,15445,7.30
94103,2025-11-17,110731.00,15160,7.30
94103,2025-11-24,105614.83,14460,7.30
94103,2025-12-01,112713.13,15431,7.30
94103,2025-12-08,106222.04,14543,7.30
94103,2025-12-15,108911.62,14911,7.30
94103,2025-12-22,111458.71,15260,7.30
94103,2025-12-29,105903.50,14499,7.30
94103,2026-01-05,110710.96,15157,7.30
94103,2026-01-12,107601.42,14732,7.30
94103,2026-01-19,107018.42,14652,7.30
94103,2026-01-26,105018.92,14378,7.30
94103,2026-02-02,107173.58,14673,7.30
94103,2026-02-09,108864.25,14904,7.30
94103,2026-02-16,106915.17,14638,7.30
94103,2026-02-23,113114.88,15486,7.30
94103,2026-03-02,105799.54,14485,7.30
94103,2026-03-09,109838.54,15038,7.30
94103,2026-03-16,110527.21,15132,7.30
94103,2026-03-23,109477.17,14988,7.30
94103,2026-03-30,110999.75,15197,7.30
94103,2026-04-06,107079.67,14660,7.30
94103,2026-04-13,117023.58,16021,7.30
94103,2026-04-20,112609.08,15417,7.30
94103,2026-04-27,111301.04,15238,7.30
94103,2026-05-04,109241.88,14956,7.30
94103,2026-05-11,114071.62,15617,7.30
94103,2026-05-18,111395.83,15251,7.30
94103,2026-05-25,112155.75,15355,7.30
94103,2026-06-01,110569.63,15138,7.30
94103,2026-06-08,115915.92,15870,7.30
94103,2026-06-15,111608.75,15280,7.30
94103,2026-06-22,110695.08,15155,7.30
94103,2026-06-29,110704.04,15156,7.30
94103,2026-07-06,116498.87,15950,7.30
94103,2026-07-13,111550.88,15272,7.30
94103,2026-07-20,113481.54,15537,7.30
94103,2026-07-27,108488.46,14853,7.30
94103,2026-08-03,110923.67,15186,7.30
94103,2026-08-10,115666.12,15836,7.30
94103,2026-08-17,113831.21,15584,7.30
94103,2026-08-24,109064.88,14932,7.30
94103,2026-08-31,113122.92,15487,7.30
94110,2024-09-09,143778.86,19012,7.56
94110,2024-09-16,142273.76,18813,7.56
94110,2024-09-23,135454.05,17911,7.56
94110,2024-09-30,149034.86,19707,7.56
94110,2024-10-07,141924.81,18767,7.56
94110,2024-10-14,140034.05,18517,7.56
94110,2024-10-21,140721.38,18608,7.56
94110,2024-10-28,139002.00,18380,7.56
94110,2024-11-04,142542.19,18849,7.56
94110,2024-11-11,145892.52,19292,7.56
94110,2024-11-18,140368.43,18561,7.56
94110,2024-11-25,140379.81,18563,7.56
94110,2024-12-02,149917.33,19824,7.56
94110,2024-12-09,139779.00,18483,7.56
94110,2024-12-16,145819.52,19282,7.56
94110,2024-12-23,141022.71,18648,7.56
94110,2024-12-30,147644.62,19523,7.56
94110,2025-01-06,143198.52,18935,7.56
94110,2025-01-13,138476.43,18311,7.56
94110,2025-01-20,150459.33,19895,7.56
94110,2025-01-27,148378.86,19620,7.56
94110,2025-02-03,145975.29,19303,7.56
94110,2025-02-10,148527.86,19640,7.56
94110,2025-02-17,141601.90,18724,7.56
94110,2025-02-24,149623.86,19785,7.56
94110,2025-03-03,154038.24,20369,7.56
94110,2025-03-10,148724.86,19666,7.56
94110,2025-03-17,144464.95,19103,7.56
94110,2025-03-24,150080.38,19845,7.56
94110,2025-03-31,143846.00,19021,7.56
94110,2025-04-07,148863.95,19684,7.56
94110,2025-04-14,149450.95,19762,7.56
94110,2025-04-21,144094.71,19054,7.56
94110,2025-04-28,144893.05,19159,7.56
94110,2025-05-05,151455.76,20027,7.56
94110,2025-05-12,152789.19,20204,7.56
94110,2025-05-19,150091.10,19847,7.56
94110,2025-05-26,154728.52,20460,7.56
94110,2025-06-02,153473.33,20294,7.56
94110,2025-06-09,153596.48,20310,7.56
94110,2025-06-16,158477.00,20956,7.56
94110,2025-06-23,152727.19,20195,7.56
94110,2025-06-30,156478.33,20691,7.56
94110,2025-07-07,155859.62,20610,7.56
94110,2025-07-14,152027.62,20103,7.56
94110,2025-07-21,160803.86,21263,7.56
94110,2025-07-28,154520.10,20432,7.56
94110,2025-08-04,153167.52,20254,7.56
94110,2025-08-11,152846.95,20211,7.56
94110,2025-08-18,146803.67,19412,7.56
94110,2025-08-25,146884.29,19423,7.56
94110,2025-09-01,157157.05,20781,7.56
94110,2025-09-08,153308.95,20272,7.56
94110,2025-09-15,160281.62,21194,7.56
94110,2025-09-22,152577.86,20176,7.56
94110,2025-09-29,151076.14,19977,7.56
94110,2025-10-06,157151.38,20780,7.56
94110,2025-10-13,149805.52,19809,7.56
94110,2025-10-20,158838.10,21003,7.56
94110,2025-10-27,154283.29,20401,7.56
94110,2025-11-03,155979.67,20625,7.56
94110,2025-11-10,162595.29,21500,7.56
94110,2025-11-17,158745.81,20991,7.56
94110,2025-11-24,160666.62,21245,7.56
94110,2025-12-01,163476.86,21617,7.56
94110,2025-12-08,154814.38,20471,7.56
94110,2025-12-15,164985.29,21816,7.56
94110,2025-12-22,162691.67,21513,7.56
94110,2025-12-29,159460.05,21086,7.56
94110,2026-01-05,154182.90,20388,7.56
94110,2026-01-12,156561.52,20702,7.56
94110,2026-01-19,160888.62,21275,7.56
94110,2026-01-26,160628.67,21240,7.56
94110,2026-02-02,151821.57,20076,7.56
94110,2026-02-09,159602.57,21104,7.56
94110,2026-02-16,153219.19,20260,7.56
94110,2026-02-23,162874.38,21537,7.56
94110,2026-03-02,157746.90,20859,7.56
94110,2026-03-09,163612.57,21635,7.56
94110,2026-03-16,155805.00,20602,7.56
94110,2026-03-23,159219.62,21054,7.56
94110,2026-03-30,162666.19,21510,7.56
94110,2026-04-06,163895.62,21672,7.56
94110,2026-04-13,159877.05,21141,7.56
94110,2026-04-20,161940.14,21414,7.56
94110,2026-04-27,162858.43,21535,7.56
94110,2026-05-04,162820.81,21530,7.56
94110,2026-05-11,158408.29,20947,7.56
94110,2026-05-18,160732.62,21254,7.56
94110,2026-05-25,171548.52,22684,7.56
94110,2026-06-01,163357.29,21601,7.56
94110,2026-06-08,163087.43,21565,7.56
94110,2026-06-15,161558.10,21363,7.56
94110,2026-06-22,154210.52,20391,7.56
94110,2026-06-29,177372.43,23454,7.56
94110,2026-07-06,167104.14,22096,7.56
94110,2026-07-13,163494.90,21619,7.56
94110,2026-07-20,165935.00,21942,7.56
94110,2026-07-27,164810.57,21793,7.56
94110,2026-08-03,171210.57,22639,7.56
94110,2026-08-10,167251.43,22116,7.56
94110,2026-08-17,164963.00,21813,7.56
94110,2026-08-24,167846.71,22195,7.56
94110,2026-08-31,167139.71,22101,7.56
94133,2024-09-09,89168.50,12655,7.05
94133,2024-09-16,89936.46,12764,7.05
94133,2024-09-23,89364.69,12683,7.05
94133,2024-09-30,84218.42,11953,7.05
94133,2024-10-07,95265.50,13521,7.05
94133,2024-10-14,89057.15,12640,7.05
94133,2024-10-21,89509.92,12704,7.05
94133,2024-10-28,94696.54,13440,7.05
94133,2024-11-04,93426.31,13260,7.05
94133,2024-11-11,86399.35,12262,7.05
94133,2024-11-18,93803.96,13313,7.05
94133,2024-11-25,91836.31,13034,7.05
94133,2024-12-02,91921.42,13046,7.05
94133,2024-12-09,90489.81,12843,7.05
94133,2024-12-16,93847.19,13320,7.05
94133,2024-12-23,91494.12,12986,7.05
94133,2024-12-30,92318.35,13103,7.05
94133,2025-01-06,87015.92,12350,7.05
94133,2025-01-13,89174.12,12656,7.05
94133,2025-01-20,95379.92,13537,7.05
94133,2025-01-27,89870.42,12755,7.05
94133,2025-02-03,89603.77,12717,7.05
94133,2025-02-10,90694.85,12872,7.05
94133,2025-02-17,91263.23,12953,7.05
94133,2025-02-24,88861.58,12612,7.05
94133,2025-03-03,90618.54,12861,7.05
94133,2025-03-10,94463.12,13407,7.05
94133,2025-03-17,91547.50,12993,7.05
94133,2025-03-24,93148.38,13220,7.05
94133,2025-03-31,93547.62,13277,7.05
94133,2025-04-07,89776.19,12742,7.05
94133,2025-04-14,90846.31,12894,7.05
94133,2025-04-21,93621.88,13288,7.05
94133,2025-04-28,88423.62,12550,7.05
94133,2025-05-05,91267.77,12953,7.05
94133,2025-05-12,91044.19,12922,7.05
94133,2025-05-19,93510.19,13272,7.05
94133,2025-05-26,97392.15,13823,7.05
94133,2025-06-02,95362.50,13535,7.05
94133,2025-06-09,94957.85,13477,7.05
94133,2025-06-16,90327.62,12820,7.05
94133,2025-06-23,92445.58,13121,7.05
94133,2025-06-30,94502.31,13413,7.05
94133,2025-07-07,95308.50,13527,7.05
94133,2025-07-14,93031.62,13204,7.05
94133,2025-07-21,94512.73,13414,7.05
94133,2025-07-28,90567.77,12854,7.05
94133,2025-08-04,96017.46,13628,7.05
94133,2025-08-11,90802.08,12887,7.05
94133,2025-08-18,94213.88,13372,7.05
94133,2025-08-25,97266.69,13805,7.05
94133,2025-09-01,90594.69,12858,7.05
94133,2025-09-08,94527.50,13416,7.05
94133,2025-09-15,95776.12,13593,7.05
94133,2025-09-22,93793.73,13312,7.05
94133,2025-09-29,90197.15,12801,7.05
94133,2025-10-06,98153.73,13931,7.05
94133,2025-10-13,95019.58,13486,7.05
94133,2025-10-20,96290.15,13666,7.05
94133,2025-10-27,94390.81,13397,7.05
94133,2025-11-03,87500.04,12419,7.05
94133,2025-11-10,96024.50,13629,7.05
94133,2025-11-17,95888.73,13609,7.05
94133,2025-11-24,93379.69,13253,7.05
94133,2025-12-01,91770.35,13025,7.05
94133,2025-12-08,93245.92,13234,7.05
94133,2025-12-15,94177.19,13366,7.05
94133,2025-12-22,91977.96,13054,7.05
94133,2025-12-29,94478.88,13409,7.05
94133,2026-01-05,93965.81,13336,7.05
94133,2026-01-12,90753.19,12880,7.05
94133,2026-01-19,96086.19,13637,7.05
94133,2026-01-26,99770.58,14160,7.05
94133,2026-02-02,93853.38,13320,7.05
94133,2026-02-09,96542.65,13702,7.05
94133,2026-02-16,91743.08,13021,7.05
94133,2026-02-23,93963.88,13336,7.05
94133,2026-03-02,93785.31,13311,7.05
94133,2026-03-09,96858.42,13747,7.05
94133,2026-03-16,101239.31,14369,7.05
94133,2026-03-23,95394.35,13539,7.05
94133,2026-03-30,94059.23,13350,7.05
94133,2026-04-06,97590.46,13851,7.05
94133,2026-04-13,95517.96,13557,7.05
94133,2026-04-20,94920.77,13472,7.05
94133,2026-04-27,96221.12,13656,7.05
94133,2026-05-04,99016.08,14053,7.05
94133,2026-05-11,95815.96,13599,7.05
94133,2026-05-18,93591.62,13283,7.05
94133,2026-05-25,92947.27,13192,7.05
94133,2026-06-01,94758.54,13449,7.05
94133,2026-06-08,99332.12,14098,7.05
94133,2026-06-15,97047.19,13774,7.05
94133,2026-06-22,98238.58,13943,7.05
94133,2026-06-29,96631.62,13715,7.05
94133,2026-07-06,95132.38,13502,7.05
94133,2026-07-13,98285.31,13949,7.05
94133,2026-07-20,97724.04,13870,7.05
94133,2026-07-27,97746.92,13873,7.05
94133,2026-08-03,95876.54,13608,7.05
94133,2026-08-10,97185.92,13793,7.05
94133,2026-08-17,100559.38,14272,7.05
94133,2026-08-24,97606.35,13853,7.05
94133,2026-08-31,96236.65,13659,7.05
94102,2024-09-09,101259.89,15822,6.40
94102,2024-09-16,100024.00,15629,6.40
94102,2024-09-23,100961.95,15775,6.40
94102,2024-09-30,102712.68,16049,6.40
94102,2024-10-07,96630.05,15098,6.40
94102,2024-10-14,100979.47,15778,6.40
94102,2024-10-21,103081.26,16106,6.40
94102,2024-10-28,99410.00,15533,6.40
94102,2024-11-04,107624.26,16816,6.40
94102,2024-11-11,100810.84,15752,6.40
94102,2024-11-18,98931.37,15458,6.40
94102,2024-11-25,101941.05,15928,6.40
94102,2024-12-02,101711.79,15892,6.40
94102,2024-12-09,99386.47,15529,6.40
94102,2024-12-16,96638.05,15100,6.40
94102,2024-12-23,102208.11,15970,6.40
94102,2024-12-30,101742.95,15897,6.40
94102,2025-01-06,98854.79,15446,6.40
94102,2025-01-13,100358.95,15681,6.40
94102,2025-01-20,100609.42,15720,6.40
94102,2025-01-27,101919.26,15925,6.40
94102,2025-02-03,102024.42,15941,6.40
94102,2025-02-10,102772.74,16058,6.40
94102,2025-02-17,103833.74,16224,6.40
94102,2025-02-24,103044.63,16101,6.40
94102,2025-03-03,105719.95,16519,6.40
94102,2025-03-10,105340.05,16459,6.40
94102,2025-03-17,100190.05,15655,6.40
94102,2025-03-24,108121.32,16894,6.40
94102,2025-03-31,100185.42,15654,6.40
94102,2025-04-07,99565.63,15557,6.40
94102,2025-04-14,107834.16,16849,6.40
94102,2025-04-21,111086.84,17357,6.40
94102,2025-04-28,108695.84,16984,6.40
94102,2025-05-05,104788.74,16373,6.40
94102,2025-05-12,109068.47,17042,6.40
94102,2025-05-19,104919.00,16394,6.40
94102,2025-05-26,107815.58,16846,6.40
94102,2025-06-02,109530.84,17114,6.40
94102,2025-06-09,108804.05,17001,6.40
94102,2025-06-16,107514.37,16799,6.40
94102,2025-06-23,108669.47,16980,6.40
94102,2025-06-30,109675.26,17137,6.40
94102,2025-07-07,109946.32,17179,6.40
94102,2025-07-14,112232.47,17536,6.40
94102,2025-07-21,107626.05,16817,6.40
94102,2025-07-28,106424.32,16629,6.40
94102,2025-08-04,110768.16,17308,6.40
94102,2025-08-11,109209.95,17064,6.40
94102,2025-08-18,113614.84,17752,6.40
94102,2025-08-25,108169.00,16901,6.40
94102,2025-09-01,110750.00,17305,6.40
94102,2025-09-08,108501.89,16953,6.40
94102,2025-09-15,114561.63,17900,6.40
94102,2025-09-22,113417.74,17722,6.40
94102,2025-09-29,111387.16,17404,6.40
94102,2025-10-06,108736.53,16990,6.40
94102,2025-10-13,113364.42,17713,6.40
94102,2025-10-20,106979.95,16716,6.40
94102,2025-10-27,108301.68,16922,6.40
94102,2025-11-03,109761.68,17150,6.40
94102,2025-11-10,109140.26,17053,6.40
94102,2025-11-17,115213.53,18002,6.40
94102,2025-11-24,110256.74,17228,6.40
94102,2025-12-01,109144.63,17054,6.40
94102,2025-12-08,110351.84,17242,6.40
94102,2025-12-15,114555.05,17899,6.40
94102,2025-12-22,113932.21,17802,6.40
94102,2025-12-29,108278.37,16918,6.40
94102,2026-01-05,117817.74,18409,6.40
94102,2026-01-12,111963.74,17494,6.40
94102,2026-01-19,111805.89,17470,6.40
94102,2026-01-26,113801.05,17781,6.40
94102,2026-02-02,109399.00,17094,6.40
94102,2026-02-09,116790.95,18249,6.40
94102,2026-02-16,108853.11,17008,6.40
94102,2026-02-23,113800.26,17781,6.40
94102,2026-03-02,115513.32,18049,6.40
94102,2026-03-09,112292.74,17546,6.40
94102,2026-03-16,118921.11,18581,6.40
94102,2026-03-23,117479.63,18356,6.40
94102,2026-03-30,114411.16,17877,6.40
94102,2026-04-06,117946.84,18429,6.40
94102,2026-04-13,116329.89,18177,6.40
94102,2026-04-20,116043.95,18132,6.40
94102,2026-04-27,115739.16,18084,6.40
94102,2026-05-04,114481.21,17888,6.40
94102,2026-05-11,117969.79,18433,6.40
94102,2026-05-18,116035.42,18131,6.40
94102,2026-05-25,111376.58,17403,6.40
94102,2026-06-01,121540.32,18991,6.40
94102,2026-06-08,121775.00,19027,6.40
94102,2026-06-15,115975.74,18121,6.40
94102,2026-06-22,115525.05,18051,6.40
94102,2026-06-29,121547.79,18992,6.40
94102,2026-07-06,118478.11,18512,6.40
94102,2026-07-13,124002.11,19375,6.40
94102,2026-07-20,122442.84,19132,6.40
94102,2026-07-27,119343.16,18647,6.40
94102,2026-08-03,125224.21,19566,6.40
94102,2026-08-10,115419.68,18034,6.40
94102,2026-08-17,122799.79,19187,6.40
94102,2026-08-24,123801.42,19344,6.40
94102,2026-08-31,120674.47,18855,6.40
94123,2024-09-09,98239.68,10630,9.24
94123,2024-09-16,98938.77,10706,9.24
94123,2024-09-23,103136.77,11160,9.24
94123,2024-09-30,99988.68,10819,9.24
94123,2024-10-07,97177.41,10515,9.24
94123,2024-10-14,98106.77,10616,9.24
94123,2024-10-21,102569.91,11099,9.24
94123,2024-10-28,105111.77,11374,9.24
94123,2024-11-04,101409.64,10973,9.24
94123,2024-11-11,99051.50,10718,9.24
94123,2024-11-18,95829.09,10369,9.24
94123,2024-11-25,99153.14,10729,9.24
94123,2024-12-02,100225.36,10845,9.24
94123,2024-12-09,101633.09,10997,9.24
94123,2024-12-16,94482.18,10224,9.24
94123,2024-12-23,98551.68,10664,9.24
94123,2024-12-30,105146.95,11377,9.24
94123,2025-01-06,98574.45,10666,9.24
94123,2025-01-13,95252.77,10307,9.24
94123,2025-01-20,100270.91,10850,9.24
94123,2025-01-27,100077.32,10829,9.24
94123,2025-02-03,99706.36,10789,9.24
94123,2025-02-10,95567.45,10341,9.24
94123,2025-02-17,103511.64,11201,9.24
94123,2025-02-24,101467.77,10979,9.24
94123,2025-03-03,101153.09,10945,9.24
94123,2025-03-10,96720.55,10466,9.24
94123,2025-03-17,104310.14,11287,9.24
94123,2025-03-24,104299.91,11286,9.24
94123,2025-03-31,99996.27,10820,9.24
94123,2025-04-07,104341.23,11290,9.24
94123,2025-04-14,102265.68,11066,9.24
94123,2025-04-21,103995.14,11253,9.24
94123,2025-04-28,103164.64,11163,9.24
94123,2025-05-05,98465.68,10655,9.24
94123,2025-05-12,102183.77,11057,9.24
94123,2025-05-19,103337.91,11182,9.24
94123,2025-05-26,101031.27,10932,9.24
94123,2025-06-02,101533.18,10986,9.24
94123,2025-06-09,103914.64,11244,9.24
94123,2025-06-16,103612.27,11211,9.24
94123,2025-06-23,109931.14,11895,9.24
94123,2025-06-30,99426.36,10758,9.24
94123,2025-07-07,102759.77,11119,9.24
94123,2025-07-14,104156.00,11270,9.24
94123,2025-07-21,101601.55,10994,9.24
94123,2025-07-28,107926.73,11678,9.24
94123,2025-08-04,102947.41,11139,9.24
94123,2025-08-11,104735.27,11333,9.24
94123,2025-08-18,100973.95,10926,9.24
94123,2025-08-25,98849.68,10696,9.24
94123,2025-09-01,104976.32,11359,9.24
94123,2025-09-08,101756.91,11011,9.24
94123,2025-09-15,98513.23,10660,9.24
94123,2025-09-22,99166.00,10730,9.24
94123,2025-09-29,106756.77,11552,9.24
94123,2025-10-06,95025.05,10282,9.24
94123,2025-10-13,103708.14,11222,9.24
94123,2025-10-20,104222.82,11277,9.24
94123,2025-10-27,101110.64,10941,9.24
94123,2025-11-03,103472.14,11196,9.24
94123,2025-11-10,101253.91,10956,9.24
94123,2025-11-17,105264.27,11390,9.24
94123,2025-11-24,106434.09,11517,9.24
94123,2025-12-01,99954.36,10816,9.24
94123,2025-12-08,103877.59,11240,9.24
94123,2025-12-15,101289.73,10960,9.24
94123,2025-12-22,107892.73,11675,9.24
94123,2025-12-29,106889.05,11566,9.24
94123,2026-01-05,99735.45,10792,9.24
94123,2026-01-12,106677.09,11543,9.24
94123,2026-01-19,99011.91,10714,9.24
94123,2026-01-26,104934.14,11354,9.24
94123,2026-02-02,105030.59,11365,9.24
94123,2026-02-09,102207.14,11059,9.24
94123,2026-02-16,100427.45,10867,9.24
94123,2026-02-23,100403.32,10864,9.24
94123,2026-03-02,103515.14,11201,9.24
94123,2026-03-09,103143.95,11161,9.24
94123,2026-03-16,105630.27,11430,9.24
94123,2026-03-23,98642.82,10674,9.24
94123,2026-03-30,101292.59,10960,9.24
94123,2026-04-06,103972.41,11250,9.24
94123,2026-04-13,103754.50,11227,9.24
94123,2026-04-20,101262.14,10957,9.24
94123,2026-04-27,102658.09,11108,9.24
94123,2026-05-04,105313.27,11395,9.24
94123,2026-05-11,102038.32,11041,9.24
94123,2026-05-18,104059.27,11260,9.24
94123,2026-05-25,95375.59,10320,9.24
94123,2026-06-01,104143.32,11269,9.24
94123,2026-06-08,104083.05,11262,9.24
94123,2026-06-15,102728.23,11116,9.24
94123,2026-06-22,107445.59,11626,9.24
94123,2026-06-29,106847.18,11561,9.24
94123,2026-07-06,107389.68,11620,9.24
94123,2026-07-13,105871.09,11456,9.24
94123,2026-07-20,108455.77,11736,9.24
94123,2026-07-27,103500.64,11199,9.24
94123,2026-08-03,103340.14,11182,9.24
94123,2026-08-10,105795.00,11448,9.24
94123,2026-08-17,106104.86,11481,9.24
94123,2026-08-24,108651.41,11757,9.24
94123,2026-08-31,108120.95,11699,9.24
94118,2024-09-09,162982.62,20173,8.08
94118,2024-09-16,159914.75,19793,8.08
94118,2024-09-23,164478.69,20358,8.08
94118,2024-09-30,161987.75,20050,8.08
94118,2024-10-07,160303.94,19842,8.08
94118,2024-10-14,167042.56,20676,8.08
94118,2024-10-21,153597.88,19012,8.08
94118,2024-10-28,164217.12,20326,8.08
94118,2024-11-04,166244.06,20577,8.08
94118,2024-11-11,168180.50,20817,8.08
94118,2024-11-18,165581.87,20495,8.08
94118,2024-11-25,166372.31,20593,8.08
94118,2024-12-02,158628.06,19634,8.08
94118,2024-12-09,160274.81,19838,8.08
94118,2024-12-16,168755.81,20888,8.08
94118,2024-12-23,157571.19,19503,8.08
94118,2024-12-30,162828.25,20154,8.08
94118,2025-01-06,162118.62,20066,8.08
94118,2025-01-13,164144.19,20317,8.08
94118,2025-01-20,160726.62,19894,8.08
94118,2025-01-27,166299.00,20584,8.08
94118,2025-02-03,160833.75,19907,8.08
94118,2025-02-10,169067.50,20926,8.08
94118,2025-02-17,166849.94,20652,8.08
94118,2025-02-24,171093.12,21177,8.08
94118,2025-03-03,155801.06,19284,8.08
94118,2025-03-10,168584.56,20867,8.08
94118,2025-03-17,153641.00,19017,8.08
94118,2025-03-24,164552.87,20368,8.08
94118,2025-03-31,163397.56,20225,8.08
94118,2025-04-07,164975.25,20420,8.08
94118,2025-04-14,166526.75,20612,8.08
94118,2025-04-21,164323.25,20339,8.08
94118,2025-04-28,162485.44,20112,8.08
94118,2025-05-05,161674.81,20011,8.08
94118,2025-05-12,168222.75,20822,8.08
94118,2025-05-19,166597.38,20621,8.08
94118,2025-05-26,173785.06,21510,8.08
94118,2025-06-02,165899.94,20534,8.08
94118,2025-06-09,166403.75,20597,8.08
94118,2025-06-16,164440.31,20354,8.08
94118,2025-06-23,163066.25,20184,8.08
94118,2025-06-30,162880.06,20161,8.08
94118,2025-07-07,175441.63,21715,8.08
94118,2025-07-14,171508.62,21229,8.08
94118,2025-07-21,166903.75,20659,8.08
94118,2025-07-28,172752.06,21382,8.08
94118,2025-08-04,169256.38,20950,8.08
94118,2025-08-11,166886.00,20656,8.08
94118,2025-08-18,168213.44,20821,8.08
94118,2025-08-25,179757.06,22249,8.08
94118,2025-09-01,167276.12,20705,8.08
94118,2025-09-08,178502.88,22094,8.08
94118,2025-09-15,168135.31,20811,8.08
94118,2025-09-22,184816.94,22876,8.08
94118,2025-09-29,166540.69,20614,8.08
94118,2025-10-06,173490.38,21474,8.08
94118,2025-10-13,179530.25,22221,8.08
94118,2025-10-20,166082.19,20557,8.08
94118,2025-10-27,172739.69,21381,8.08
94118,2025-11-03,177325.69,21949,8.08
94118,2025-11-10,171903.25,21277,8.08
94118,2025-11-17,174055.31,21544,8.08
94118,2025-11-24,166501.06,20609,8.08
94118,2025-12-01,166384.56,20594,8.08
94118,2025-12-08,170196.62,21066,8.08
94118,2025-12-15,178974.38,22153,8.08
94118,2025-12-22,181032.31,22407,8.08
94118,2025-12-29,177477.62,21967,8.08
94118,2026-01-05,177705.37,21996,8.08
94118,2026-01-12,171014.87,21167,8.08
94118,2026-01-19,171629.06,21243,8.08
94118,2026-01-26,170288.75,21078,8.08
94118,2026-02-02,168605.88,20869,8.08
94118,2026-02-09,164711.06,20387,8.08
94118,2026-02-16,176440.94,21839,8.08
94118,2026-02-23,171671.19,21249,8.08
94118,2026-03-02,164548.75,20367,8.08
94118,2026-03-09,171938.62,21282,8.08
94118,2026-03-16,171010.37,21167,8.08
94118,2026-03-23,172227.56,21317,8.08
94118,2026-03-30,176345.50,21827,8.08
94118,2026-04-06,169573.44,20989,8.08
94118,2026-04-13,171765.56,21260,8.08
94118,2026-04-20,170062.06,21049,8.08
94118,2026-04-27,177204.38,21933,8.08
94118,2026-05-04,171081.25,21176,8.08
94118,2026-05-11,167298.25,20707,8.08
94118,2026-05-18,183109.25,22664,8.08
94118,2026-05-25,180160.38,22299,8.08
94118,2026-06-01,179226.12,22184,8.08
94118,2026-06-08,169685.88,21003,8.08
94118,2026-06-15,172608.94,21365,8.08
94118,2026-06-22,177872.25,22016,8.08
94118,2026-06-29,174721.62,21626,8.08
94118,2026-07-06,177410.00,21959,8.08
94118,2026-07-13,181155.06,22422,8.08
94118,2026-07-20,174774.25,21633,8.08
94118,2026-07-27,175545.00,21728,8.08
94118,2026-08-03,180865.50,22387,8.08
94118,2026-08-10,172467.00,21347,8.08
94118,2026-08-17,187323.19,23186,8.08
94118,2026-08-24,171470.50,21224,8.08
94118,2026-08-31,172303.69,21327,8.08
94107,2024-09-09,154679.87,16974,9.11
94107,2024-09-16,158793.09,17426,9.11
94107,2024-09-23,166061.73,18224,9.11
94107,2024-09-30,169509.45,18602,9.11
94107,2024-10-07,160454.75,17608,9.11
94107,2024-10-14,155212.48,17033,9.11
94107,2024-10-21,165463.98,18158,9.11
94107,2024-10-28,159977.67,17556,9.11
94107,2024-11-04,155577.47,17073,9.11
94107,2024-11-11,165933.15,18209,9.11
94107,2024-11-18,167232.16,18352,9.11
94107,2024-11-25,163223.59,17912,9.11
94107,2024-12-02,166058.71,18223,9.11
94107,2024-12-09,158003.69,17339,9.11
94107,2024-12-16,148139.17,16257,9.11
94107,2024-12-23,146648.82,16093,9.11
94107,2024-12-30,148101.77,16253,9.11
94107,2025-01-06,158020.65,17341,9.11
94107,2025-01-13,154157.23,16917,9.11
94107,2025-01-20,154981.78,17008,9.11
94107,2025-01-27,150822.76,16551,9.11
94107,2025-02-03,162021.90,17780,9.11
94107,2025-02-10,153900.46,16889,9.11
94107,2025-02-17,155104.43,17021,9.11
94107,2025-02-24,160630.52,17627,9.11
94107,2025-03-03,144465.22,15854,9.11
94107,2025-03-10,153738.19,16871,9.11
94107,2025-03-17,160822.53,17649,9.11
94107,2025-03-24,162149.40,17794,9.11
94107,2025-03-31,145524.57,15970,9.11
94107,2025-04-07,147320.76,16167,9.11
94107,2025-04-14,157919.78,17330,9.11
94107,2025-04-21,163925.86,17989,9.11
94107,2025-04-28,170154.98,18673,9.11
94107,2025-05-05,160365.75,17598,9.11
94107,2025-05-12,163954.05,17992,9.11
94107,2025-05-19,168136.55,18451,9.11
94107,2025-05-26,163728.81,17967,9.11
94107,2025-06-02,172224.22,18900,9.11
94107,2025-06-09,164487.91,18051,9.11
94107,2025-06-16,178752.92,19616,9.11
94107,2025-06-23,175468.08,19256,9.11
94107,2025-06-30,161550.33,17728,9.11
94107,2025-07-07,181418.75,19909,9.11
94107,2025-07-14,178686.17,19609,9.11
94107,2025-07-21,176181.36,19334,9.11
94107,2025-07-28,171727.00,18845,9.11
94107,2025-08-04,164957.35,18102,9.11
94107,2025-08-11,188289.09,20663,9.11
94107,2025-08-18,171108.32,18777,9.11
94107,2025-08-25,188745.75,20713,9.11
94107,2025-09-01,190719.53,20929,9.11
94107,2025-09-08,186551.58,20472,9.11
94107,2025-09-15,187579.14,20585,9.11
94107,2025-09-22,185811.35,20391,9.11
94107,2025-09-29,185509.18,20358,9.11
94107,2025-10-06,173505.50,19040,9.11
94107,2025-10-13,177999.95,19534,9.11
94107,2025-10-20,177409.99,19469,9.11
94107,2025-10-27,171028.15,18769,9.11
94107,2025-11-03,185337.84,20339,9.11
94107,2025-11-10,185102.21,20313,9.11
94107,2025-11-17,185925.92,20403,9.11
94107,2025-11-24,164549.68,18058,9.11
94107,2025-12-01,183862.06,20177,9.11
94107,2025-12-08,169230.96,18571,9.11
94107,2025-12-15,182559.62,20034,9.11
94107,2025-12-22,183985.71,20190,9.11
94107,2025-12-29,178831.27,19625,9.11
94107,2026-01-05,181289.36,19895,9.11
94107,2026-01-12,179425.58,19690,9.11
94107,2026-01-19,172463.83,18926,9.11
94107,2026-01-26,175066.42,19212,9.11
94107,2026-02-02,166990.38,18325,9.11
94107,2026-02-09,171015.16,18767,9.11
94107,2026-02-16,160148.05,17575,9.11
94107,2026-02-23,159835.80,17540,9.11
94107,2026-03-02,162115.40,17790,9.11
94107,2026-03-09,174566.40,19157,9.11
94107,2026-03-16,180285.71,19784,9.11
94107,2026-03-23,171168.43,18784,9.11
94107,2026-03-30,181663.63,19936,9.11
94107,2026-04-06,172811.68,18964,9.11
94107,2026-04-13,174824.71,19185,9.11
94107,2026-04-20,186406.00,20456,9.11
94107,2026-04-27,187360.28,20561,9.11
94107,2026-05-04,176978.30,19421,9.11
94107,2026-05-11,167604.20,18393,9.11
94107,2026-05-18,173080.44,18994,9.11
94107,2026-05-25,181355.07,19902,9.11
94107,2026-06-01,181666.11,19936,9.11
94107,2026-06-08,186473.13,20463,9.11
94107,2026-06-15,197167.07,21637,9.11
94107,2026-06-22,177950.64,19528,9.11
94107,2026-06-29,180588.94,19818,9.11
94107,2026-07-06,194675.49,21364,9.11
94107,2026-07-13,179677.20,19718,9.11
94107,2026-07-20,198199.30,21750,9.11
94107,2026-07-27,199950.49,21942,9.11
94107,2026-08-03,200370.89,21989,9.11
94107,2026-08-10,188380.76,20673,9.11
94107,2026-08-17,199988.96,21947,9.11
94107,2026-08-24,187322.25,20557,9.11
94107,2026-08-31,191541.34,21020,9.11
94109,2024-09-09,123766.95,17250,7.18
94109,2024-09-16,130108.28,18134,7.18
94109,2024-09-23,133821.42,18651,7.18
94109,2024-09-30,131962.68,18392,7.18
94109,2024-10-07,123357.54,17193,7.18
94109,2024-10-14,123487.25,17211,7.18
94109,2024-10-21,133525.68,18610,7.18
94109,2024-10-28,116536.32,16242,7.18
94109,2024-11-04,123473.50,17209,7.18
94109,2024-11-11,121740.78,16967,7.18
94109,2024-11-18,120227.61,16756,7.18
94109,2024-11-25,124167.72,17306,7.18
94109,2024-12-02,122342.23,17051,7.18
94109,2024-12-09,125642.83,17511,7.18
94109,2024-12-16,117906.84,16433,7.18
94109,2024-12-23,121146.58,16885,7.18
94109,2024-12-30,126200.62,17589,7.18
94109,2025-01-06,126516.25,17633,7.18
94109,2025-01-13,112140.30,15629,7.18
94109,2025-01-20,120113.04,16740,7.18
94109,2025-01-27,109396.27,15247,7.18
94109,2025-02-03,109895.79,15316,7.18
94109,2025-02-10,124706.44,17381,7.18
94109,2025-02-17,121812.59,16977,7.18
94109,2025-02-24,121900.79,16990,7.18
94109,2025-03-03,120437.65,16786,7.18
94109,2025-03-10,121304.58,16907,7.18
94109,2025-03-17,123122.63,17160,7.18
94109,2025-03-24,123750.53,17247,7.18
94109,2025-03-31,119175.01,16610,7.18
94109,2025-04-07,124238.05,17315,7.18
94109,2025-04-14,123742.55,17246,7.18
94109,2025-04-21,114619.98,15975,7.18
94109,2025-04-28,112901.93,15735,7.18
94109,2025-05-05,129567.86,18058,7.18
94109,2025-05-12,113632.09,15837,7.18
94109,2025-05-19,131145.52,18278,7.18
94109,2025-05-26,128824.18,17955,7.18
94109,2025-06-02,124748.97,17387,7.18
94109,2025-06-09,120983.26,16862,7.18
94109,2025-06-16,127195.59,17728,7.18
94109,2025-06-23,121275.44,16902,7.18
94109,2025-06-30,126251.00,17596,7.18
94109,2025-07-07,123269.70,17180,7.18
94109,2025-07-14,137960.03,19228,7.18
94109,2025-07-21,128459.47,17904,7.18
94109,2025-07-28,129186.49,18005,7.18
94109,2025-08-04,139697.87,19470,7.18
94109,2025-08-11,130784.89,18228,7.18
94109,2025-08-18,129867.62,18100,7.18
94109,2025-08-25,124274.92,17321,7.18
94109,2025-09-01,137675.71,19188,7.18
94109,2025-09-08,141142.03,19671,7.18
94109,2025-09-15,141007.53,19653,7.18
94109,2025-09-22,128544.16,17916,7.18
94109,2025-09-29,135016.77,18818,7.18
94109,2025-10-06,138154.88,19255,7.18
94109,2025-10-13,134884.05,18799,7.18
94109,2025-10-20,133762.17,18643,7.18
94109,2025-10-27,135195.56,18843,7.18
94109,2025-11-03,132333.06,18444,7.18
94109,2025-11-10,128087.40,17852,7.18
94109,2025-11-17,120820.86,16839,7.18
94109,2025-11-24,128965.19,17974,7.18
94109,2025-12-01,125518.97,17494,7.18
94109,2025-12-08,131490.56,18326,7.18
94109,2025-12-15,128639.57,17929,7.18
94109,2025-12-22,119646.25,16675,7.18
94109,2025-12-29,124252.57,17317,7.18
94109,2026-01-05,132303.46,18440,7.18
94109,2026-01-12,115620.15,16114,7.18
94109,2026-01-19,119510.66,16657,7.18
94109,2026-01-26,122149.49,17024,7.18
94109,2026-02-02,126160.65,17583,7.18
94109,2026-02-09,118588.41,16528,7.18
94109,2026-02-16,129417.79,18037,7.18
94109,2026-02-23,116889.69,16291,7.18
94109,2026-03-02,123303.98,17185,7.18
94109,2026-03-09,129731.40,18081,7.18
94109,2026-03-16,121504.55,16934,7.18
94109,2026-03-23,123669.65,17236,7.18
94109,2026-03-30,117351.44,16356,7.18
94109,2026-04-06,117298.58,16348,7.18
94109,2026-04-13,126367.10,17612,7.18
94109,2026-04-20,126447.14,17623,7.18
94109,2026-04-27,117730.28,16408,7.18
94109,2026-05-04,125741.77,17525,7.18
94109,2026-05-11,131344.35,18306,7.18
94109,2026-05-18,128768.02,17947,7.18
94109,2026-05-25,126909.24,17688,7.18
94109,2026-06-01,137409.14,19151,7.18
94109,2026-06-08,138506.28,19304,7.18
94109,2026-06-15,127446.96,17763,7.18
94109,2026-06-22,125966.63,17556,7.18
94109,2026-06-29,130548.35,18195,7.18
94109,2026-07-06,133930.22,18666,7.18
94109,2026-07-13,135814.13,18929,7.18
94109,2026-07-20,138089.79,19246,7.18
94109,2026-07-27,144387.72,20124,7.18
94109,2026-08-03,128549.91,17916,7.18
94109,2026-08-10,130451.53,18181,7.18
94109,2026-08-17,143058.96,19939,7.18
94109,2026-08-24,130238.39,18152,7.18
94109,2026-08-31,128602.79,17924,7.18
94114,2024-09-09,136940.12,14415,9.50
94114,2024-09-16,129838.87,13667,9.50
94114,2024-09-23,127643.94,13436,9.50
94114,2024-09-30,123874.78,13039,9.50
94114,2024-10-07,128268.18,13502,9.50
94114,2024-10-14,136944.60,14415,9.50
94114,2024-10-21,129799.08,13663,9.50
94114,2024-10-28,138663.24,14596,9.50
94114,2024-11-04,126952.51,13363,9.50
94114,2024-11-11,127361.13,13406,9.50
94114,2024-11-18,127704.26,13443,9.50
94114,2024-11-25,123181.34,12966,9.50
94114,2024-12-02,136019.23,14318,9.50
94114,2024-12-09,121577.70,12798,9.50
94114,2024-12-16,122499.13,12895,9.50
94114,2024-12-23,123680.04,13019,9.50
94114,2024-12-30,130357.46,13722,9.50
94114,2025-01-06,131246.38,13815,9.50
94114,2025-01-13,128998.74,13579,9.50
94114,2025-01-20,122838.19,12930,9.50
94114,2025-01-27,122876.32,12934,9.50
94114,2025-02-03,125172.32,13176,9.50
94114,2025-02-10,120924.23,12729,9.50
94114,2025-02-17,127758.52,13448,9.50
94114,2025-02-24,116452.12,12258,9.50
94114,2025-03-03,117986.01,12420,9.50
94114,2025-03-10,123364.86,12986,9.50
94114,2025-03-17,124106.22,13064,9.50
94114,2025-03-24,123787.82,13030,9.50
94114,2025-03-31,129121.62,13592,9.50
94114,2025-04-07,119717.53,12602,9.50
94114,2025-04-14,132760.38,13975,9.50
94114,2025-04-21,122001.82,12842,9.50
94114,2025-04-28,124540.95,13110,9.50
94114,2025-05-05,128881.22,13566,9.50
94114,2025-05-12,119703.05,12600,9.50
94114,2025-05-19,124256.15,13080,9.50
94114,2025-05-26,130326.74,13719,9.50
94114,2025-06-02,131727.46,13866,9.50
94114,2025-06-09,133235.33,14025,9.50
94114,2025-06-16,133231.29,14024,9.50
94114,2025-06-23,131709.14,13864,9.50
94114,2025-06-30,136811.50,14401,9.50
94114,2025-07-07,141593.46,14905,9.50
94114,2025-07-14,134843.68,14194,9.50
94114,2025-07-21,140305.45,14769,9.50
94114,2025-07-28,133190.27,14020,9.50
94114,2025-08-04,130374.16,13724,9.50
94114,2025-08-11,144324.79,15192,9.50
94114,2025-08-18,139925.56,14729,9.50
94114,2025-08-25,128867.69,13565,9.50
94114,2025-09-01,135684.88,14283,9.50
94114,2025-09-08,137083.68,14430,9.50
94114,2025-09-15,139621.21,14697,9.50
94114,2025-09-22,141377.37,14882,9.50
94114,2025-09-29,146286.76,15399,9.50
94114,2025-10-06,131752.97,13869,9.50
94114,2025-10-13,128619.03,13539,9.50
94114,2025-10-20,135596.94,14273,9.50
94114,2025-10-27,127942.34,13468,9.50
94114,2025-11-03,137683.79,14493,9.50
94114,2025-11-10,133626.15,14066,9.50
94114,2025-11-17,131144.77,13805,9.50
94114,2025-11-24,141403.08,14885,9.50
94114,2025-12-01,131929.31,13887,9.50
94114,2025-12-08,131555.37,13848,9.50
94114,2025-12-15,138680.28,14598,9.50
94114,2025-12-22,136872.80,14408,9.50
94114,2025-12-29,137243.44,14447,9.50
94114,2026-01-05,127562.83,13428,9.50
94114,2026-01-12,123868.69,13039,9.50
94114,2026-01-19,121079.95,12745,9.50
94114,2026-01-26,130433.89,13730,9.50
94114,2026-02-02,120564.78,12691,9.50
94114,2026-02-09,122673.58,12913,9.50
94114,2026-02-16,131083.94,13798,9.50
94114,2026-02-23,124194.29,13073,9.50
94114,2026-03-02,128004.40,13474,9.50
94114,2026-03-09,130388.32,13725,9.50
94114,2026-03-16,132354.09,13932,9.50
94114,2026-03-23,130855.48,13774,9.50
94114,2026-03-30,125832.75,13246,9.50
94114,2026-04-06,126639.89,13331,9.50
94114,2026-04-13,132261.02,13922,9.50
94114,2026-04-20,137960.56,14522,9.50
94114,2026-04-27,123975.01,13050,9.50
94114,2026-05-04,131568.22,13849,9.50
94114,2026-05-11,134089.07,14115,9.50
94114,2026-05-18,124808.79,13138,9.50
94114,2026-05-25,142357.90,14985,9.50
94114,2026-06-01,135902.03,14305,9.50
94114,2026-06-08,131289.83,13820,9.50
94114,2026-06-15,140717.07,14812,9.50
94114,2026-06-22,147449.71,15521,9.50
94114,2026-06-29,141425.45,14887,9.50
94114,2026-07-06,135340.59,14246,9.50
94114,2026-07-13,149052.95,15690,9.50
94114,2026-07-20,137702.12,14495,9.50
94114,2026-07-27,140761.51,14817,9.50
94114,2026-08-03,145340.61,15299,9.50
94114,2026-08-10,140839.31,14825,9.50
94114,2026-08-17,137426.75,14466,9.50
94114,2026-08-24,140655.83,14806,9.50
94114,2026-08-31,147203.24,15495,9.50
94115,2024-09-09,137974.87,16549,8.34
94115,2024-09-16,127381.20,15278,8.34
94115,2024-09-23,133697.57,16036,8.34
94115,2024-09-30,126607.25,15185,8.34
94115,2024-10-07,125771.56,15085,8.34
94115,2024-10-14,135760.36,16283,8.34
94115,2024-10-21,127571.63,15301,8.34
94115,2024-10-28,127390.49,15279,8.34
94115,2024-11-04,125700.04,15076,8.34
94115,2024-11-11,120960.58,14508,8.34
94115,2024-11-18,117188.20,14056,8.34
94115,2024-11-25,119056.68,14280,8.34
94115,2024-12-02,123675.50,14834,8.34
94115,2024-12-09,125867.43,15097,8.34
94115,2024-12-16,119986.44,14391,8.34
94115,2024-12-23,117154.77,14052,8.34
94115,2024-12-30,117384.51,14079,8.34
94115,2025-01-06,116133.13,13929,8.34
94115,2025-01-13,113902.83,13662,8.34
94115,2025-01-20,123685.23,14835,8.34
94115,2025-01-27,113272.33,13586,8.34
94115,2025-02-03,120509.51,14454,8.34
94115,2025-02-10,123372.34,14797,8.34
94115,2025-02-17,118232.32,14181,8.34
94115,2025-02-24,120697.96,14477,8.34
94115,2025-03-03,113115.90,13567,8.34
94115,2025-03-10,127813.74,15330,8.34
94115,2025-03-17,125259.66,15024,8.34
94115,2025-03-24,125714.51,15078,8.34
94115,2025-03-31,124184.93,14895,8.34
94115,2025-04-07,120212.74,14418,8.34
94115,2025-04-14,122161.95,14652,8.34
94115,2025-04-21,129630.71,15548,8.34
94115,2025-04-28,131699.92,15796,8.34
94115,2025-05-05,126134.07,15129,8.34
94115,2025-05-12,125519.13,15055,8.34
94115,2025-05-19,120550.67,14459,8.34
94115,2025-05-26,122068.95,14641,8.34
94115,2025-06-02,121512.80,14574,8.34
94115,2025-06-09,124340.04,14913,8.34
94115,2025-06-16,137074.10,16441,8.34
94115,2025-06-23,127691.29,15315,8.34
94115,2025-06-30,127542.34,15297,8.34
94115,2025-07-07,125280.54,15026,8.34
94115,2025-07-14,130932.64,15704,8.34
94115,2025-07-21,130360.72,15635,8.34
94115,2025-07-28,133005.16,15953,8.34
94115,2025-08-04,139022.53,16674,8.34
94115,2025-08-11,133144.30,15969,8.34
94115,2025-08-18,136423.74,16363,8.34
94115,2025-08-25,137653.58,16510,8.34
94115,2025-09-01,142663.31,17111,8.34
94115,2025-09-08,146000.53,17511,8.34
94115,2025-09-15,135360.83,16235,8.34
94115,2025-09-22,147251.49,17661,8.34
94115,2025-09-29,132436.15,15884,8.34
94115,2025-10-06,130035.66,15596,8.34
94115,2025-10-13,143514.34,17213,8.34
94115,2025-10-20,139046.24,16677,8.34
94115,2025-10-27,139645.01,16749,8.34
94115,2025-11-03,139137.05,16688,8.34
94115,2025-11-10,125862.84,15096,8.34
94115,2025-11-17,136602.44,16384,8.34
94115,2025-11-24,137347.04,16473,8.34
94115,2025-12-01,139861.46,16775,8.34
94115,2025-12-08,141447.17,16965,8.34
94115,2025-12-15,139378.72,16717,8.34
94115,2025-12-22,132626.34,15907,8.34
94115,2025-12-29,137824.62,16531,8.34
94115,2026-01-05,124286.33,14907,8.34
94115,2026-01-12,130515.17,15654,8.34
94115,2026-01-19,122311.41,14670,8.34
94115,2026-01-26,128580.94,15422,8.34
94115,2026-02-02,130825.51,15691,8.34
94115,2026-02-09,126483.30,15170,8.34
94115,2026-02-16,130483.15,15650,8.34
94115,2026-02-23,130675.96,15673,8.34
94115,2026-03-02,123126.24,14768,8.34
94115,2026-03-09,137195.59,16455,8.34
94115,2026-03-16,130677.92,15674,8.34
94115,2026-03-23,123899.76,14861,8.34
94115,2026-03-30,138813.14,16649,8.34
94115,2026-04-06,126428.80,15164,8.34
94115,2026-04-13,137007.63,16433,8.34
94115,2026-04-20,129332.71,15512,8.34
94115,2026-04-27,141174.77,16933,8.34
94115,2026-05-04,124118.52,14887,8.34
94115,2026-05-11,132884.21,15938,8.34
94115,2026-05-18,128060.41,15360,8.34
94115,2026-05-25,132504.76,15893,8.34
94115,2026-06-01,128490.70,15411,8.34
94115,2026-06-08,134866.93,16176,8.34
94115,2026-06-15,146607.02,17584,8.34
94115,2026-06-22,139024.16,16675,8.34
94115,2026-06-29,148933.20,17863,8.34
94115,2026-07-06,134425.30,16123,8.34
94115,2026-07-13,140772.95,16884,8.34
94115,2026-07-20,139553.23,16738,8.34
94115,2026-07-27,152834.41,18331,8.34
94115,2026-08-03,138363.17,16595,8.34
94115,2026-08-10,139611.58,16745,8.34
94115,2026-08-17,137481.43,16490,8.34
94115,2026-08-24,135948.47,16306,8.34
94115,2026-08-31,142735.06,17120,8.34
94116,2024-09-09,116609.22,14910,7.82
94116,2024-09-16,126334.15,16154,7.82
94116,2024-09-23,120922.88,15462,7.82
94116,2024-09-30,120340.30,15387,7.82
94116,2024-10-07,118577.77,15162,7.82
94116,2024-10-14,127080.03,16249,7.82
94116,2024-10-21,114801.13,14679,7.82
94116,2024-10-28,123002.80,15728,7.82
94116,2024-11-04,120100.66,15357,7.82
94116,2024-11-11,127871.85,16350,7.82
94116,2024-11-18,120910.88,15460,7.82
94116,2024-11-25,120825.54,15449,7.82
94116,2024-12-02,112769.32,14419,7.82
94116,2024-12-09,114521.25,14643,7.82
94116,2024-12-16,117106.15,14974,7.82
94116,2024-12-23,123094.87,15739,7.82
94116,2024-12-30,121597.35,15548,7.82
94116,2025-01-06,119900.76,15331,7.82
94116,2025-01-13,114211.83,14604,7.82
94116,2025-01-20,107070.06,13690,7.82
94116,2025-01-27,117114.53,14975,7.82
94116,2025-02-03,121761.38,15569,7.82
94116,2025-02-10,114525.00,14644,7.82
94116,2025-02-17,114727.42,14669,7.82
94116,2025-02-24,107971.34,13806,7.82
94116,2025-03-03,120516.26,15410,7.82
94116,2025-03-10,114872.47,14688,7.82
94116,2025-03-17,116149.65,14851,7.82
94116,2025-03-24,115346.73,14749,7.82
94116,2025-03-31,118317.69,15129,7.82
94116,2025-04-07,113754.05,14545,7.82
94116,2025-04-14,118596.10,15164,7.82
94116,2025-04-21,109031.37,13941,7.82
94116,2025-04-28,125095.27,15995,7.82
94116,2025-05-05,116336.89,14875,7.82
94116,2025-05-12,123737.75,15822,7.82
94116,2025-05-19,114612.08,14655,7.82
94116,2025-05-26,123668.82,15813,7.82
94116,2025-06-02,124643.98,15937,7.82
94116,2025-06-09,123746.76,15823,7.82
94116,2025-06-16,122981.59,15725,7.82
94116,2025-06-23,121353.83,15517,7.82
94116,2025-06-30,128036.28,16371,7.82
94116,2025-07-07,126832.21,16217,7.82
94116,2025-07-14,116975.46,14957,7.82
94116,2025-07-21,130203.10,16648,7.82
94116,2025-07-28,120117.25,15359,7.82
94116,2025-08-04,132656.50,16962,7.82
94116,2025-08-11,125761.58,16080,7.82
94116,2025-08-18,130155.81,16642,7.82
94116,2025-08-25,120889.83,15457,7.82
94116,2025-09-01,124450.72,15913,7.82
94116,2025-09-08,130211.03,16649,7.82
94116,2025-09-15,129821.18,16599,7.82
94116,2025-09-22,118767.66,15186,7.82
94116,2025-09-29,129539.26,16563,7.82
94116,2025-10-06,119259.53,15249,7.82
94116,2025-10-13,132839.57,16985,7.82
94116,2025-10-20,120034.81,15348,7.82
94116,2025-10-27,132909.15,16994,7.82
94116,2025-11-03,123896.58,15842,7.82
94116,2025-11-10,116105.39,14846,7.82
94116,2025-11-17,126225.31,16140,7.82
94116,2025-11-24,116595.55,14908,7.82
94116,2025-12-01,127036.65,16243,7.82
94116,2025-12-08,123535.24,15796,7.82
94116,2025-12-15,123709.10,15818,7.82
94116,2025-12-22,117180.01,14983,7.82
94116,2025-12-29,124659.50,15939,7.82
94116,2026-01-05,120322.79,15385,7.82
94116,2026-01-12,115844.31,14812,7.82
94116,2026-01-19,115188.97,14728,7.82
94116,2026-01-26,125511.41,16048,7.82
94116,2026-02-02,112445.45,14378,7.82
94116,2026-02-09,122139.92,15617,7.82
94116,2026-02-16,109757.06,14034,7.82
94116,2026-02-23,122948.02,15721,7.82
94116,2026-03-02,120579.50,15418,7.82
94116,2026-03-09,114474.83,14637,7.82
94116,2026-03-16,113152.16,14468,7.82
94116,2026-03-23,118010.65,15089,7.82
94116,2026-03-30,124747.08,15951,7.82
94116,2026-04-06,110104.24,14078,7.82
94116,2026-04-13,112359.87,14367,7.82
94116,2026-04-20,127079.18,16249,7.82
94116,2026-04-27,127696.79,16328,7.82
94116,2026-05-04,120381.18,15392,7.82
94116,2026-05-11,112936.04,14440,7.82
94116,2026-05-18,129168.65,16516,7.82
94116,2026-05-25,128909.47,16483,7.82
94116,2026-06-01,116832.30,14939,7.82
94116,2026-06-08,120243.73,15375,7.82
94116,2026-06-15,123967.80,15851,7.82
94116,2026-06-22,124212.01,15882,7.82
94116,2026-06-29,133994.11,17133,7.82
94116,2026-07-06,134023.20,17137,7.82
94116,2026-07-13,129358.31,16540,7.82
94116,2026-07-20,134287.29,17170,7.82
94116,2026-07-27,127117.31,16254,7.82
94116,2026-08-03,131688.07,16838,7.82
94116,2026-08-10,133156.42,17026,7.82
94116,2026-08-17,123006.82,15728,7.82
94116,2026-08-24,128738.66,16461,7.82
94116,2026-08-31,134714.38,17225,7.82
94117,2024-09-09,177366.61,20949,8.47
94117,2024-09-16,178954.14,21136,8.47
94117,2024-09-23,176170.87,20808,8.47
94117,2024-09-30,171846.35,20297,8.47
94117,2024-10-07,171602.55,20268,8.47
94117,2024-10-14,164328.40,19409,8.47
94117,2024-10-21,175406.84,20717,8.47
94117,2024-10-28,157564.28,18610,8.47
94117,2024-11-04,163555.21,19318,8.47
94117,2024-11-11,157791.69,18637,8.47
94117,2024-11-18,157363.06,18586,8.47
94117,2024-11-25,165488.97,19546,8.47
94117,2024-12-02,163353.29,19294,8.47
94117,2024-12-09,170253.74,20109,8.47
94117,2024-12-16,153847.69,18171,8.47
94117,2024-12-23,157404.36,18591,8.47
94117,2024-12-30,155006.68,18308,8.47
94117,2025-01-06,166894.61,19712,8.47
94117,2025-01-13,159418.40,18829,8.47
94117,2025-01-20,157916.76,18652,8.47
94117,2025-01-27,167680.40,19805,8.47
94117,2025-02-03,160114.94,18911,8.47
94117,2025-02-10,151901.23,17941,8.47
94117,2025-02-17,150922.70,17826,8.47
94117,2025-02-24,147796.72,17456,8.47
94117,2025-03-03,168928.81,19952,8.47
94117,2025-03-10,154277.64,18222,8.47
94117,2025-03-17,152657.99,18030,8.47
94117,2025-03-24,165776.84,19580,8.47
94117,2025-03-31,155219.21,18333,8.47
94117,2025-04-07,151917.49,17943,8.47
94117,2025-04-14,162870.85,19237,8.47
94117,2025-04-21,165317.29,19526,8.47
94117,2025-04-28,159783.24,18872,8.47
94117,2025-05-05,161606.51,19087,8.47
94117,2025-05-12,163867.34,19354,8.47
94117,2025-05-19,169912.98,20068,8.47
94117,2025-05-26,159885.45,18884,8.47
94117,2025-06-02,159291.59,18814,8.47
94117,2025-06-09,176223.72,20814,8.47
94117,2025-06-16,165769.22,19579,8.47
94117,2025-06-23,171268.96,20229,8.47
94117,2025-06-30,184645.67,21809,8.47
94117,2025-07-07,182667.81,21575,8.47
94117,2025-07-14,180581.13,21328,8.47
94117,2025-07-21,182468.11,21551,8.47
94117,2025-07-28,183021.36,21617,8.47
94117,2025-08-04,179102.84,21154,8.47
94117,2025-08-11,184230.28,21759,8.47
94117,2025-08-18,176793.40,20881,8.47
94117,2025-08-25,168733.29,19929,8.47
94117,2025-09-01,177853.58,21006,8.47
94117,2025-09-08,176372.79,20831,8.47
94117,2025-09-15,174211.97,20576,8.47
94117,2025-09-22,177108.67,20918,8.47
94117,2025-09-29,185315.97,21888,8.47
94117,2025-10-06,172753.07,20404,8.47
94117,2025-10-13,175301.70,20705,8.47
94117,2025-10-20,176718.69,20872,8.47
94117,2025-10-27,178312.01,21060,8.47
94117,2025-11-03,183848.42,21714,8.47
94117,2025-11-10,188170.43,22225,8.47
94117,2025-11-17,189476.90,22379,8.47
94117,2025-11-24,177184.62,20927,8.47
94117,2025-12-01,171666.49,20276,8.47
94117,2025-12-08,185789.60,21944,8.47
94117,2025-12-15,165150.20,19506,8.47
94117,2025-12-22,182269.93,21528,8.47
94117,2025-12-29,174929.36,20661,8.47
94117,2026-01-05,163866.94,19354,8.47
94117,2026-01-12,176346.70,20828,8.47
94117,2026-01-19,160937.42,19008,8.47
94117,2026-01-26,174115.46,20565,8.47
94117,2026-02-02,175973.64,20784,8.47
94117,2026-02-09,181172.70,21398,8.47
94117,2026-02-16,169071.82,19969,8.47
94117,2026-02-23,180118.89,21274,8.47
94117,2026-03-02,181358.74,21420,8.47
94117,2026-03-09,175621.04,20743,8.47
94117,2026-03-16,160465.05,18953,8.47
94117,2026-03-23,173429.20,20484,8.47
94117,2026-03-30,160794.69,18991,8.47
94117,2026-04-06,181991.07,21495,8.47
94117,2026-04-13,172603.54,20386,8.47
94117,2026-04-20,177013.84,20907,8.47
94117,2026-04-27,185176.47,21871,8.47
94117,2026-05-04,189080.17,22332,8.47
94117,2026-05-11,181541.16,21442,8.47
94117,2026-05-18,187232.40,22114,8.47
94117,2026-05-25,180617.27,21333,8.47
94117,2026-06-01,174817.67,20648,8.47
94117,2026-06-08,192100.87,22689,8.47
94117,2026-06-15,187607.92,22158,8.47
94117,2026-06-22,177747.02,20994,8.47
94117,2026-06-29,183004.92,21615,8.47
94117,2026-07-06,175874.19,20773,8.47
94117,2026-07-13,182481.75,21553,8.47
94117,2026-07-20,197237.41,23296,8.47
94117,2026-07-27,194589.26,22983,8.47
94117,2026-08-03,204115.86,24108,8.47
94117,2026-08-10,185912.86,21958,8.47
94117,2026-08-17,199807.65,23599,8.47
94117,2026-08-24,203133.00,23992,8.47
94117,2026-08-31,197063.58,23275,8.47
94121,2024-09-09,131184.54,17648,7.43
94121,2024-09-16,134649.23,18114,7.43
94121,2024-09-23,138250.70,18599,7.43
94121,2024-09-30,146680.12,19733,7.43
94121,2024-10-07,133322.15,17936,7.43
94121,2024-10-14,147117.17,19792,7.43
94121,2024-10-21,134890.64,18147,7.43
94121,2024-10-28,145342.97,19553,7.43
94121,2024-11-04,143558.66,19313,7.43
94121,2024-11-11,135728.85,18259,7.43
94121,2024-11-18,137325.56,18474,7.43
94121,2024-11-25,128992.78,17353,7.43
94121,2024-12-02,129362.13,17403,7.43
94121,2024-12-09,130865.33,17605,7.43
94121,2024-12-16,127211.92,17114,7.43
94121,2024-12-23,127584.25,17164,7.43
94121,2024-12-30,137118.93,18446,7.43
94121,2025-01-06,140104.06,18848,7.43
94121,2025-01-13,131657.41,17712,7.43
94121,2025-01-20,127079.61,17096,7.43
94121,2025-01-27,137045.63,18437,7.43
94121,2025-02-03,121392.66,16331,7.43
94121,2025-02-10,129402.82,17408,7.43
94121,2025-02-17,131730.78,17722,7.43
94121,2025-02-24,126417.74,17007,7.43
94121,2025-03-03,135404.24,18216,7.43
94121,2025-03-10,129593.58,17434,7.43
94121,2025-03-17,132914.02,17881,7.43
94121,2025-03-24,130634.71,17574,7.43
94121,2025-03-31,136800.32,18404,7.43
94121,2025-04-07,123659.96,16636,7.43
94121,2025-04-14,133327.64,17936,7.43
94121,2025-04-21,138748.06,18666,7.43
94121,2025-04-28,130440.44,17548,7.43
94121,2025-05-05,127800.26,17193,7.43
94121,2025-05-12,134032.52,18031,7.43
94121,2025-05-19,134626.10,18111,7.43
94121,2025-05-26,146687.21,19734,7.43
94121,2025-06-02,137994.35,18564,7.43
94121,2025-06-09,141538.34,19041,7.43
94121,2025-06-16,145232.41,19538,7.43
94121,2025-06-23,132192.36,17784,7.43
94121,2025-06-30,147803.25,19884,7.43
94121,2025-07-07,149823.00,20156,7.43
94121,2025-07-14,142710.31,19199,7.43
94121,2025-07-21,147205.08,19803,7.43
94121,2025-07-28,154167.33,20740,7.43
94121,2025-08-04,135903.52,18283,7.43
94121,2025-08-11,154588.88,20797,7.43
94121,2025-08-18,140996.33,18968,7.43
94121,2025-08-25,147293.31,19815,7.43
94121,2025-09-01,137760.86,18533,7.43
94121,2025-09-08,143350.82,19285,7.43
94121,2025-09-15,146974.26,19772,7.43
94121,2025-09-22,148048.48,19917,7.43
94121,2025-09-29,143288.32,19276,7.43
94121,2025-10-06,154386.78,20770,7.43
94121,2025-10-13,150694.63,20273,7.43
94121,2025-10-20,150260.03,20214,7.43
94121,2025-10-27,142121.24,19119,7.43
94121,2025-11-03,144195.02,19398,7.43
94121,2025-11-10,137674.04,18521,7.43
94121,2025-11-17,149151.92,20065,7.43
94121,2025-11-24,136237.50,18328,7.43
94121,2025-12-01,143237.66,19270,7.43
94121,2025-12-08,141974.46,19100,7.43
94121,2025-12-15,137085.45,18442,7.43
94121,2025-12-22,142800.87,19211,7.43
94121,2025-12-29,142692.02,19196,7.43
94121,2026-01-05,134920.89,18151,7.43
94121,2026-01-12,139329.00,18744,7.43
94121,2026-01-19,137550.66,18505,7.43
94121,2026-01-26,145495.55,19573,7.43
94121,2026-02-02,134975.03,18158,7.43
94121,2026-02-09,133446.69,17952,7.43
94121,2026-02-16,137716.59,18527,7.43
94121,2026-02-23,143985.15,19370,7.43
94121,2026-03-02,128368.13,17269,7.43
94121,2026-03-09,139446.22,18760,7.43
94121,2026-03-16,134289.12,18066,7.43
94121,2026-03-23,139486.35,18765,7.43
94121,2026-03-30,145700.13,19601,7.43
94121,2026-04-06,146080.12,19652,7.43
94121,2026-04-13,135108.22,18176,7.43
94121,2026-04-20,147754.47,19877,7.43
94121,2026-04-27,133549.03,17966,7.43
94121,2026-05-04,142582.89,19182,7.43
94121,2026-05-11,147919.94,19900,7.43
94121,2026-05-18,152208.52,20476,7.43
94121,2026-05-25,145180.77,19531,7.43
94121,2026-06-01,153916.64,20706,7.43
94121,2026-06-08,140645.77,18921,7.43
94121,2026-06-15,154204.59,20745,7.43
94121,2026-06-22,144994.59,19506,7.43
94121,2026-06-29,150757.92,20281,7.43
94121,2026-07-06,150177.37,20203,7.43
94121,2026-07-13,160223.53,21555,7.43
94121,2026-07-20,147205.60,19803,7.43
94121,2026-07-27,152351.01,20496,7.43
94121,2026-08-03,163303.84,21969,7.43
94121,2026-08-10,150562.83,20255,7.43
94121,2026-08-17,146435.49,19700,7.43
94121,2026-08-24,143904.94,19359,7.43
94121,2026-08-31,146008.63,19642,7.43
94122,2024-09-09,144395.13,18163,7.95
94122,2024-09-16,141452.22,17793,7.95
94122,2024-09-23,145601.17,18315,7.95
94122,2024-09-30,139937.22,17602,7.95
94122,2024-10-07,139349.23,17528,7.95
94122,2024-10-14,134908.08,16970,7.95
94122,2024-10-21,145903.49,18353,7.95
94122,2024-10-28,133842.41,16836,7.95
94122,2024-11-04,130447.66,16409,7.95
94122,2024-11-11,132805.99,16705,7.95
94122,2024-11-18,134091.12,16867,7.95
94122,2024-11-25,134434.78,16910,7.95
94122,2024-12-02,129068.88,16235,7.95
94122,2024-12-09,127569.99,16047,7.95
94122,2024-12-16,128169.79,16122,7.95
94122,2024-12-23,128496.03,16163,7.95
94122,2024-12-30,134544.34,16924,7.95
94122,2025-01-06,129486.61,16288,7.95
94122,2025-01-13,131674.81,16563,7.95
94122,2025-01-20,125475.91,15783,7.95
94122,2025-01-27,126981.92,15973,7.95
94122,2025-02-03,134341.33,16898,7.95
94122,2025-02-10,139290.92,17521,7.95
94122,2025-02-17,122765.48,15442,7.95
94122,2025-02-24,124133.14,15614,7.95
94122,2025-03-03,141056.36,17743,7.95
94122,2025-03-10,127103.30,15988,7.95
94122,2025-03-17,125025.44,15726,7.95
94122,2025-03-24,134228.02,16884,7.95
94122,2025-03-31,127663.38,16058,7.95
94122,2025-04-07,131999.53,16604,7.95
94122,2025-04-14,128003.62,16101,7.95
94122,2025-04-21,131850.76,16585,7.95
94122,2025-04-28,137208.42,17259,7.95
94122,2025-05-05,143962.11,18108,7.95
94122,2025-05-12,134181.57,16878,7.95
94122,2025-05-19,140871.70,17720,7.95
94122,2025-05-26,145059.00,18246,7.95
94122,2025-06-02,145284.68,18275,7.95
94122,2025-06-09,135761.82,17077,7.95
94122,2025-06-16,136903.73,17221,7.95
94122,2025-06-23,151418.36,19046,7.95
94122,2025-06-30,136247.27,17138,7.95
94122,2025-07-07,146982.57,18488,7.95
94122,2025-07-14,139882.25,17595,7.95
94122,2025-07-21,144674.62,18198,7.95
94122,2025-07-28,155902.98,19610,7.95
94122,2025-08-04,147277.61,18525,7.95
94122,2025-08-11,153489.45,19307,7.95
94122,2025-08-18,154408.10,19422,7.95
94122,2025-08-25,142503.08,17925,7.95
94122,2025-09-01,141304.36,17774,7.95
94122,2025-09-08,155798.83,19597,7.95
94122,2025-09-15,157752.61,19843,7.95
94122,2025-09-22,153737.84,19338,7.95
94122,2025-09-29,143290.14,18024,7.95
94122,2025-10-06,156180.89,19645,7.95
94122,2025-10-13,153395.55,19295,7.95
94122,2025-10-20,141777.06,17834,7.95
94122,2025-10-27,157581.49,19822,7.95
94122,2025-11-03,147184.43,18514,7.95
94122,2025-11-10,147158.03,18510,7.95
94122,2025-11-17,142070.66,17871,7.95
94122,2025-11-24,142167.17,17883,7.95
94122,2025-12-01,140160.65,17630,7.95
94122,2025-12-08,151683.93,19080,7.95
94122,2025-12-15,152040.26,19125,7.95
94122,2025-12-22,144271.76,18147,7.95
94122,2025-12-29,140877.16,17720,7.95
94122,2026-01-05,140679.60,17696,7.95
94122,2026-01-12,150606.13,18944,7.95
94122,2026-01-19,133663.48,16813,7.95
94122,2026-01-26,145379.22,18287,7.95
94122,2026-02-02,135607.00,17057,7.95
94122,2026-02-09,147148.15,18509,7.95
94122,2026-02-16,142891.95,17974,7.95
94122,2026-02-23,139295.82,17521,7.95
94122,2026-03-02,150182.35,18891,7.95
94122,2026-03-09,140046.64,17616,7.95
94122,2026-03-16,148425.59,18670,7.95
94122,2026-03-23,137427.85,17287,7.95
94122,2026-03-30,138530.88,17425,7.95
94122,2026-04-06,148486.61,18678,7.95
94122,2026-04-13,147924.58,18607,7.95
94122,2026-04-20,151389.82,19043,7.95
94122,2026-04-27,153749.36,19340,7.95
94122,2026-05-04,152439.18,19175,7.95
94122,2026-05-11,153628.14,19324,7.95
94122,2026-05-18,158301.49,19912,7.95
94122,2026-05-25,149808.14,18844,7.95
94122,2026-06-01,157025.54,19752,7.95
94122,2026-06-08,149158.11,18762,7.95
94122,2026-06-15,156132.56,19639,7.95
94122,2026-06-22,152770.13,19216,7.95
94122,2026-06-29,159459.01,20058,7.95
94122,2026-07-06,162256.36,20410,7.95
94122,2026-07-13,159752.10,20095,7.95
94122,2026-07-20,168924.00,21248,7.95
94122,2026-07-27,168610.99,21209,7.95
94122,2026-08-03,166444.28,20936,7.95
94122,2026-08-10,151217.92,19021,7.95
94122,2026-08-17,162571.20,20449,7.95
94122,2026-08-24,162195.56,20402,7.95
94122,2026-08-31,163544.17,20572,7.95
94124,2024-09-09,116536.18,17849,6.53
94124,2024-09-16,116354.55,17821,6.53
94124,2024-09-23,115760.43,17730,6.53
94124,2024-09-30,124960.05,19139,6.53
94124,2024-10-07,125595.83,19236,6.53
94124,2024-10-14,115294.88,17658,6.53
94124,2024-10-21,124479.65,19065,6.53
94124,2024-10-28,128799.91,19727,6.53
94124,2024-11-04,118869.67,18206,6.53
94124,2024-11-11,127352.00,19505,6.53
94124,2024-11-18,122750.21,18800,6.53
94124,2024-11-25,119412.63,18289,6.53
94124,2024-12-02,125175.57,19172,6.53
94124,2024-12-09,115515.06,17692,6.53
94124,2024-12-16,122490.52,18761,6.53
94124,2024-12-23,112363.04,17209,6.53
94124,2024-12-30,114868.87,17593,6.53
94124,2025-01-06,118508.66,18151,6.53
94124,2025-01-13,123320.74,18888,6.53
94124,2025-01-20,109304.24,16741,6.53
94124,2025-01-27,115273.97,17655,6.53
94124,2025-02-03,109474.75,16767,6.53
94124,2025-02-10,116053.48,17775,6.53
94124,2025-02-17,119998.04,18379,6.53
94124,2025-02-24,118414.40,18136,6.53
94124,2025-03-03,123115.60,18856,6.53
94124,2025-03-10,113809.57,17431,6.53
94124,2025-03-17,122542.29,18768,6.53
94124,2025-03-24,122850.78,18816,6.53
94124,2025-03-31,113178.48,17334,6.53
94124,2025-04-07,115057.45,17622,6.53
94124,2025-04-14,114712.02,17569,6.53
94124,2025-04-21,115288.84,17658,6.53
94124,2025-04-28,125883.18,19280,6.53
94124,2025-05-05,124988.41,19143,6.53
94124,2025-05-12,123522.12,18919,6.53
94124,2025-05-19,121510.00,18610,6.53
94124,2025-05-26,117486.37,17994,6.53
94124,2025-06-02,118301.38,18119,6.53
94124,2025-06-09,134583.38,20613,6.53
94124,2025-06-16,135706.67,20785,6.53
94124,2025-06-23,126576.08,19386,6.53
94124,2025-06-30,133376.90,20428,6.53
94124,2025-07-07,138298.89,21182,6.53
94124,2025-07-14,137832.34,21110,6.53
94124,2025-07-21,126206.26,19330,6.53
94124,2025-07-28,126120.36,19316,6.53
94124,2025-08-04,135177.71,20704,6.53
94124,2025-08-11,143858.42,22033,6.53
94124,2025-08-18,130318.94,19960,6.53
94124,2025-08-25,127943.19,19596,6.53
94124,2025-09-01,140704.77,21550,6.53
94124,2025-09-08,142529.86,21830,6.53
94124,2025-09-15,129029.89,19762,6.53
94124,2025-09-22,143044.49,21909,6.53
94124,2025-09-29,134062.70,20533,6.53
94124,2025-10-06,143429.17,21967,6.53
94124,2025-10-13,144729.82,22167,6.53
94124,2025-10-20,142356.31,21803,6.53
94124,2025-10-27,139249.21,21327,6.53
94124,2025-11-03,142909.58,21888,6.53
94124,2025-11-10,132376.16,20275,6.53
94124,2025-11-17,134331.97,20574,6.53
94124,2025-11-24,133537.22,20452,6.53
94124,2025-12-01,128880.33,19739,6.53
94124,2025-12-08,137626.69,21079,6.53
94124,2025-12-15,133848.96,20500,6.53
94124,2025-12-22,128818.88,19730,6.53
94124,2025-12-29,136377.04,20887,6.53
94124,2026-01-05,138644.73,21235,6.53
94124,2026-01-12,129061.42,19767,6.53
94124,2026-01-19,138963.09,21283,6.53
94124,2026-01-26,135125.60,20696,6.53
94124,2026-02-02,135589.97,20767,6.53
94124,2026-02-09,126704.03,19406,6.53
94124,2026-02-16,131509.19,20142,6.53
94124,2026-02-23,130990.39,20062,6.53
94124,2026-03-02,128951.22,19750,6.53
94124,2026-03-09,122935.76,18829,6.53
94124,2026-03-16,130640.63,20009,6.53
94124,2026-03-23,138888.17,21272,6.53
94124,2026-03-30,129467.52,19829,6.53
94124,2026-04-06,142168.35,21774,6.53
94124,2026-04-13,143337.91,21953,6.53
94124,2026-04-20,140612.49,21536,6.53
94124,2026-04-27,143361.34,21957,6.53
94124,2026-05-04,142027.42,21753,6.53
94124,2026-05-11,141924.20,21737,6.53
94124,2026-05-18,147655.50,22615,6.53
94124,2026-05-25,141890.81,21732,6.53
94124,2026-06-01,136906.79,20968,6.53
94124,2026-06-08,144118.44,22073,6.53
94124,2026-06-15,143892.80,22038,6.53
94124,2026-06-22,154146.02,23609,6.53
94124,2026-06-29,137949.32,21128,6.53
94124,2026-07-06,139861.60,21421,6.53
94124,2026-07-13,148611.59,22761,6.53
94124,2026-07-20,138615.31,21230,6.53
94124,2026-07-27,148281.72,22711,6.53
94124,2026-08-03,148135.56,22688,6.53
94124,2026-08-10,153696.52,23540,6.53
94124,2026-08-17,150821.89,23100,6.53
94124,2026-08-24,153524.82,23514,6.53
94124,2026-08-31,158532.90,24281,6.53
